ts_code,trade_date,open,high,low,close,pre_close,change,pct_chg,vol,amount,ave_change,pred_ave_change,real_trend,pred_trend
601318.SH,20170428,37.9,38.07,37.61,37.96,37.82,0.14,0.37,678663.87,2568647.819,-0.04666666666666667,-0.0010605665047958412,1,1
601318.SH,20170502,37.8,38.38,37.8,37.91,37.96,-0.05,-0.13,619325.39,2359210.184,-0.21666666666666667,-0.12466595083475064,0,0
601318.SH,20170503,37.95,38.28,37.82,38.0,37.91,0.09,0.24,505383.86,1920918.7719999999,-0.06999999999999999,-0.26578300217787376,0,-1
601318.SH,20170504,37.95,38.1,37.73,37.82,38.0,-0.18,-0.47,548573.55,2080732.8930000002,0.056666666666666664,-0.008033518592516078,0,0
601318.SH,20170505,37.7,37.86,37.2,37.26,37.82,-0.56,-1.48,623979.6,2337681.712,0.86,0.18410156508286846,1,0
601318.SH,20170508,37.26,38.12,37.24,37.79,37.26,0.53,1.42,952932.43,3609995.3039999995,0.66,0.6172922686735794,1,1
601318.SH,20170509,37.71,38.08,37.71,37.99,37.79,0.2,0.53,595182.93,2258188.097,0.9866666666666667,0.6238892416159317,1,1
601318.SH,20170510,38.03,40.05,38.01,39.84,37.99,1.85,4.87,1589203.71,6249692.993,0.3533333333333333,0.27281199375788423,1,1
601318.SH,20170511,39.8,40.09,39.56,39.77,39.84,-0.07,-0.18,827794.46,3296766.9110000003,0.43999999999999995,0.3531172430515295,1,1
601318.SH,20170512,39.7,41.3,39.7,40.95,39.77,1.18,2.97,1200171.19,4897614.123,-0.17666666666666667,0.06894168535868378,0,0
601318.SH,20170515,41.22,41.96,40.62,40.9,40.95,-0.05,-0.12,716224.2,2960377.186,-0.09333333333333334,-0.3190497014919912,0,-1
601318.SH,20170516,40.9,41.3,40.68,41.09,40.9,0.19,0.46,629862.81,2582208.68,-0.026666666666666672,-0.16722717970609616,0,0
601318.SH,20170517,41.0,41.09,40.19,40.42,41.09,-0.67,-1.63,779106.38,3156764.5130000003,0.8066666666666666,0.1812873709201818,1,0
601318.SH,20170518,40.06,41.08,40.06,40.62,40.42,0.2,0.49,581678.8,2368295.17,0.8500000000000001,0.6987320788701381,1,1
601318.SH,20170519,40.59,41.33,40.59,41.01,40.62,0.39,0.96,420467.64,1727706.874,0.6733333333333333,0.763317114114762,1,1
601318.SH,20170522,41.03,43.02,41.03,42.84,41.01,1.83,4.46,1025570.92,4349844.018,0.8833333333333333,0.020761029322942607,1,0
601318.SH,20170523,43.0,44.18,42.85,43.17,42.84,0.33,0.77,1060990.37,4628619.016,0.6699999999999999,0.6197121717532481,1,1
601318.SH,20170524,43.0,43.54,41.97,43.03,43.17,-0.14,-0.32,813519.57,3491155.434,0.68,0.7846244172255205,1,1
601318.SH,20170525,43.0,45.56,42.95,45.49,43.03,2.46,5.72,1389899.96,6178137.404,0.16,-0.3837738295396164,0,-1
601318.SH,20170526,45.4,45.85,44.86,45.18,45.49,-0.31,-0.68,783613.01,3547666.748,-0.07333333333333332,0.15372615148623836,0,0
601318.SH,20170531,45.0,47.13,44.82,45.07,45.18,-0.11,-0.24,1009977.89,4624877.831,-0.13333333333333333,0.1403241508205737,0,0
601318.SH,20170601,45.4,46.0,44.9,45.97,45.07,0.9,2.0,772361.16,3513398.064,0.020000000000000018,-0.4946872878074641,0,-1
601318.SH,20170602,45.89,46.37,44.63,44.96,45.97,-1.01,-2.2,826333.57,3734938.417,0.34,0.21133102675279034,1,0
601318.SH,20170605,44.92,45.15,44.08,44.67,44.96,-0.29,-0.65,780002.74,3468933.93,0.9833333333333334,0.41588822762171485,1,1
601318.SH,20170606,44.6,46.1,44.6,46.03,44.67,1.36,3.04,967169.68,4383686.411,0.7033333333333333,0.40169608632723547,1,1
601318.SH,20170607,46.2,46.88,45.71,45.98,46.03,-0.05,-0.11,788200.64,3645872.262,0.9833333333333334,0.594072342117628,1,1
601318.SH,20170608,45.9,47.65,45.82,47.62,45.98,1.64,3.57,832171.37,3899227.565,0.2733333333333334,0.3160772581895198,1,1
601318.SH,20170609,47.7,48.77,47.5,48.14,47.62,0.52,1.09,925676.74,4462205.605,-0.31,-0.007511823177337142,-1,0
601318.SH,20170612,48.02,49.64,48.02,48.93,48.14,0.79,1.64,859596.8,4199730.273,-0.9166666666666666,-0.5965984806418414,-1,-1
601318.SH,20170613,48.75,49.2,47.9,48.44,48.93,-0.49,-1.0,670461.22,3245558.6010000003,-0.58,-0.7815685316920277,-1,-1
601318.SH,20170614,48.63,48.84,47.0,47.21,48.44,-1.23,-2.54,834013.97,3974060.287,0.45,-0.20932827244202248,1,0
601318.SH,20170615,47.19,47.47,45.91,46.18,47.21,-1.03,-2.18,1041983.33,4833899.744,0.64,0.7489106841882076,1,1
601318.SH,20170616,46.1,47.18,46.1,46.7,46.18,0.52,1.13,807231.42,3777604.44,0.9100000000000001,0.47955260097980557,1,1
601318.SH,20170619,46.96,48.63,46.69,48.56,46.7,1.86,3.98,808481.91,3869638.235,0.19333333333333336,0.13694540351629308,0,0
601318.SH,20170620,48.77,48.93,47.67,48.1,48.56,-0.46,-0.95,616355.33,2962329.659,0.54,0.3096244430541998,1,1
601318.SH,20170621,48.3,49.56,47.56,49.43,48.1,1.33,2.77,849757.18,4147969.142,0.09666666666666666,0.05295477936665268,0,0
601318.SH,20170622,49.2,50.47,49.05,49.14,49.43,-0.29,-0.59,1146464.05,5715913.249,0.26,-0.01192928592363943,1,0
601318.SH,20170623,49.24,49.9,48.79,49.72,49.14,0.58,1.18,873719.64,4310012.062,-0.37000000000000005,0.04269912024339091,-1,0
601318.SH,20170626,49.99,50.77,49.35,49.72,49.72,0.0,0.0,953192.55,4760578.482,0.08,-0.30695992648601483,0,-1
601318.SH,20170627,49.7,49.95,48.93,49.92,49.72,0.2,0.4,780835.85,3855524.441,-0.10333333333333332,0.040439738829931134,0,0
601318.SH,20170628,49.7,49.74,48.55,48.61,49.92,-1.31,-2.62,691322.47,3393564.25,0.10999999999999999,0.26024688760439607,0,1
601318.SH,20170629,48.8,50.05,48.38,49.96,48.61,1.35,2.78,753228.75,3715241.204,-0.68,-0.37352946927150044,-1,-1
601318.SH,20170630,49.8,50.2,49.28,49.61,49.96,-0.35,-0.7,598630.98,2974857.809,0.27,-0.6289102842410401,1,-1
601318.SH,20170703,49.8,49.8,48.55,48.94,49.61,-0.67,-1.35,563199.18,2755923.273,0.8166666666666668,0.42771306395530756,1,1
601318.SH,20170704,48.8,48.84,47.91,47.92,48.94,-1.02,-2.08,683920.65,3299813.3819999998,1.03,0.9854748143752422,1,1
601318.SH,20170705,48.0,50.7,48.0,50.42,47.92,2.5,5.22,1272537.22,6293926.168,0.23666666666666666,0.09820026556650849,0,0
601318.SH,20170706,50.42,52.0,50.07,51.39,50.42,0.97,1.92,1137814.8,5793924.187999999,0.13,-0.022209880451360835,0,0
601318.SH,20170707,51.15,51.62,50.53,51.01,51.39,-0.38,-0.74,533925.98,2727331.058,0.05000000000000001,0.2521023611227677,0,0
601318.SH,20170710,51.02,51.96,50.69,51.13,51.01,0.12,0.24,570776.01,2938274.374,0.35000000000000003,-0.14903680215279214,1,0
601318.SH,20170711,50.81,52.01,50.61,51.23,50.58,0.65,1.29,699539.63,3600296.755,0.5133333333333333,0.003013644814491777,1,0
601318.SH,20170712,51.36,52.5,50.42,50.61,51.23,-0.62,-1.21,870117.34,4490986.366,1.0966666666666667,0.7061846478780116,1,1
601318.SH,20170713,50.98,51.86,50.83,51.63,50.61,1.02,2.02,665342.98,3418210.961,0.6133333333333332,0.7714585236708329,1,1
601318.SH,20170714,51.69,52.79,51.3,52.77,51.63,1.14,2.21,707791.62,3681295.002,0.35666666666666663,0.32516114811102603,1,1
601318.SH,20170717,53.01,55.09,52.42,53.9,52.77,1.13,2.14,1408791.34,7585579.25,0.036666666666666674,-0.1588985598087306,0,0
601318.SH,20170718,53.6,54.26,52.51,53.47,53.9,-0.43,-0.8,879029.53,4697173.72,-0.5033333333333333,-0.0012399845321968118,-1,0
601318.SH,20170719,53.68,54.48,53.11,53.84,53.47,0.37,0.69,771180.69,4138848.1089999997,-0.41,-0.6792762947082516,-1,-1
601318.SH,20170720,53.55,54.15,52.82,54.01,53.84,0.17,0.32,659198.74,3528872.923,-0.5666666666666667,-0.5370042276382442,-1,-1
601318.SH,20170721,53.2,53.28,51.9,51.96,54.01,-2.05,-3.8,1294791.93,6811105.692000001,-0.023333333333333317,-0.10891184022029192,0,0
601318.SH,20170724,52.08,53.1,51.68,52.61,51.96,0.65,1.25,904595.93,4749136.592,-0.08333333333333333,-0.05386245429515789,0,0
601318.SH,20170725,52.62,53.05,52.18,52.31,52.61,-0.3,-0.57,506834.83,2670578.6119999997,-0.13999999999999999,-0.03995901823043773,0,0
601318.SH,20170726,52.1,52.5,51.28,51.89,52.31,-0.42,-0.8,657610.87,3403982.4680000003,0.043333333333333335,-0.29791869948307625,0,-1
601318.SH,20170727,51.85,52.74,51.09,52.36,51.89,0.47,0.91,667132.94,3456657.893,0.8300000000000001,-0.1387912730375921,1,0
601318.SH,20170728,52.2,52.46,51.8,51.89,52.36,-0.47,-0.9,491294.73,2557067.863,0.7166666666666667,0.9576624876260763,1,1
601318.SH,20170731,51.88,52.64,51.41,52.02,51.89,0.13,0.25,616005.07,3210189.249,0.3,0.5783988819519684,1,1
601318.SH,20170801,52.2,54.9,52.2,54.85,52.02,2.83,5.44,1147936.61,6170850.61,-0.9700000000000001,-0.7554309680064515,-1,-1
601318.SH,20170802,54.81,54.82,53.88,54.04,54.85,-0.81,-1.48,723817.45,3925861.501,-0.5733333333333334,-0.5155348443984981,-1,-1
601318.SH,20170803,54.04,54.48,52.88,52.92,54.04,-1.12,-2.07,565311.64,3036337.5439999998,-0.15666666666666665,-0.12933179358641259,0,0
601318.SH,20170804,52.99,53.19,51.85,51.94,52.92,-0.98,-1.85,666087.38,3494563.811,0.04,-0.03777444303035686,0,0
601318.SH,20170807,51.91,52.84,51.53,52.32,51.94,0.38,0.73,523852.17,2738587.9439999997,-0.53,-0.21655915011962207,-1,0
601318.SH,20170808,52.3,52.56,51.91,52.45,52.32,0.13,0.25,367322.51,1917168.051,-0.9566666666666667,-0.5155077661077178,-1,-1
601318.SH,20170809,52.35,52.84,52.0,52.06,52.45,-0.39,-0.74,410734.11,2149503.758,-0.5233333333333333,-0.719491647481918,-1,-1
601318.SH,20170810,52.07,52.45,50.51,50.73,52.06,-1.33,-2.55,846423.15,4333370.708000001,0.0566666666666667,-0.1132478732864057,0,0
601318.SH,20170811,50.2,50.73,49.53,49.58,50.73,-1.15,-2.27,828145.63,4147670.9280000003,0.5433333333333333,0.29324694732825013,1,1
601318.SH,20170814,49.99,51.0,49.64,50.49,49.58,0.91,1.84,791494.96,3992982.202,0.20333333333333334,0.1718446449438736,0,0
601318.SH,20170815,50.8,51.56,50.6,50.9,50.49,0.41,0.81,680849.53,3482968.11,0.7566666666666667,-0.0119620136419927,1,0
601318.SH,20170816,50.85,51.29,50.53,51.21,50.9,0.31,0.61,340851.06,1735515.8530000001,0.6066666666666666,0.6248441896835969,1,1
601318.SH,20170817,51.47,51.83,50.87,51.1,51.21,-0.11,-0.21,374711.48,1922044.261,1.3666666666666665,0.6663199492295588,1,1
601318.SH,20170818,52.4,53.86,51.62,53.17,51.1,2.07,4.05,1176428.75,6204026.735,0.7433333333333333,0.48905065238475853,1,1
601318.SH,20170821,53.4,54.28,52.78,53.03,53.17,-0.14,-0.26,716152.54,3834637.735,0.6966666666666667,0.818228770891826,1,1
601318.SH,20170822,53.41,55.26,53.32,55.2,53.03,2.17,4.09,1009896.78,5503927.188999999,0.20999999999999996,0.048586992621422326,0,0
601318.SH,20170823,55.01,55.83,54.82,55.4,55.2,0.2,0.36,564884.35,3124559.298,0.26666666666666666,0.07461312621831945,1,0
601318.SH,20170824,55.55,56.28,54.95,55.12,55.4,-0.28,-0.51,560654.76,3111185.225,0.6466666666666666,0.3713286598523463,1,1
601318.SH,20170825,54.9,56.22,54.84,55.83,55.12,0.71,1.29,743106.0,4147141.4560000002,0.19333333333333333,0.29581490437189795,0,1
601318.SH,20170828,55.98,57.75,55.98,56.2,55.83,0.37,0.66,803295.69,4571588.7530000005,-0.05666666666666668,-0.1080396854877467,0,0
601318.SH,20170829,56.1,57.25,55.88,57.06,56.2,0.86,1.53,416774.19,2365449.403,-0.2966666666666667,-0.26179022053877465,-1,-1
601318.SH,20170830,57.0,57.63,56.26,56.41,57.06,-0.65,-1.14,470277.18,2668794.0130000003,-0.25333333333333335,-0.24340211302041959,-1,-1
601318.SH,20170831,56.33,56.66,55.55,56.03,56.41,-0.38,-0.67,480957.2,2694501.061,0.2533333333333333,-0.3052150325973824,0,-1
601318.SH,20170901,56.05,57.04,55.6,56.17,56.03,0.14,0.25,571083.47,3213848.068,-0.09000000000000004,0.015629790623983255,0,0
601318.SH,20170904,55.51,55.56,54.81,55.15,55.67,-0.52,-0.93,484051.38,2668523.944,-0.08000000000000003,-0.12408308575550667,0,0
601318.SH,20170905,55.4,56.6,55.11,56.29,55.15,1.14,2.07,563769.9,3153737.5069999998,-0.4233333333333333,-0.4943621535102522,-1,-1
601318.SH,20170906,56.05,56.38,55.09,55.4,56.29,-0.89,-1.58,424063.1,2354829.57,-0.47000000000000003,-0.1761238592863078,-1,0
601318.SH,20170907,55.6,55.82,54.83,54.91,55.4,-0.49,-0.88,329740.56,1818266.1230000001,-0.03333333333333336,-0.349175761044025,0,-1
601318.SH,20170908,54.9,55.52,54.83,55.02,54.91,0.11,0.2,290322.23,1601029.3190000001,0.016666666666666646,-0.14925050636132509,0,0
601318.SH,20170911,55.21,55.98,53.92,53.99,55.02,-1.03,-1.87,804098.42,4405694.623,0.010000000000000009,0.15824471950531058,0,0
601318.SH,20170912,54.48,54.87,53.61,54.81,53.99,0.82,1.52,555954.0,3018230.917,-0.47666666666666674,-0.21256968021392775,-1,0
601318.SH,20170913,54.8,55.36,54.33,55.07,54.81,0.26,0.47,398069.83,2188825.236,-0.59,-0.49009917338689124,-1,-1
601318.SH,20170914,55.1,55.25,53.9,54.02,55.07,-1.05,-1.91,510191.15,2769164.3,-0.18666666666666665,-0.3199183496832843,0,-1
601318.SH,20170915,54.09,54.2,53.15,53.38,54.02,-0.64,-1.18,754259.44,4035496.8239999996,-0.09999999999999999,-0.031168703734874223,0,0
601318.SH,20170918,53.27,54.48,53.27,53.3,53.38,-0.08,-0.15,754002.96,4045828.546,0.17333333333333334,-0.08993658185005139,0,0
601318.SH,20170919,53.69,54.04,53.11,53.46,53.3,0.16,0.3,621506.55,3322570.961,0.19333333333333333,0.0426309374968216,0,0
601318.SH,20170920,53.44,53.7,53.0,53.08,53.46,-0.38,-0.71,587189.13,3132558.755,0.36000000000000004,0.2484921820958461,1,0
601318.SH,20170921,53.16,54.24,53.01,53.82,53.08,0.74,1.39,727092.01,3909123.212,0.1433333333333333,0.14162994782129976,0,0
601318.SH,20170922,53.55,54.35,53.52,54.04,53.82,0.22,0.41,549471.82,2965926.9639999997,-0.1466666666666667,0.008124818305175016,0,0
601318.SH,20170925,54.05,54.73,53.82,54.16,54.04,0.12,0.22,657944.94,3572267.811,-0.14,-0.241902871827284,0,-1
601318.SH,20170926,53.99,54.33,53.95,54.25,54.16,0.09,0.17,427958.45,2317837.253,-0.03000000000000001,-0.17043936630090029,0,0
601318.SH,20170927,54.1,54.24,53.46,53.6,54.25,-0.65,-1.2,468984.47,2525092.409,0.3866666666666667,0.13528544584910127,1,0
601318.SH,20170928,53.6,53.97,53.32,53.74,53.6,0.14,0.26,397737.46,2134157.815,0.3933333333333333,0.3212942123413091,1,1
601318.SH,20170929,53.72,54.35,53.43,54.16,53.74,0.42,0.78,434172.31,2345094.281,0.3833333333333333,0.19000774939854992,1,0
601318.SH,20171009,56.1,56.5,54.71,54.76,54.16,0.6,1.11,882361.99,4894508.072,0.7833333333333333,0.13170215030511273,1,0
601318.SH,20171010,54.86,55.52,53.81,54.92,54.76,0.16,0.29,960683.2,5234374.162,0.7200000000000001,0.6744025268157329,1,1
601318.SH,20171011,54.9,55.72,54.55,55.31,54.92,0.39,0.71,664527.95,3671752.167,0.62,0.5480782093604412,1,1
601318.SH,20171012,55.2,57.19,55.12,57.11,55.31,1.8,3.25,898550.11,5060866.914,0.27666666666666667,-0.17259199301401726,1,0
601318.SH,20171013,56.91,57.43,56.73,57.08,57.11,-0.03,-0.05,508153.3,2898031.5360000003,0.6333333333333333,0.25955570936203054,1,1
601318.SH,20171016,57.5,58.55,57.09,57.17,57.08,0.09,0.16,749769.23,4336232.571,0.8066666666666666,0.672011065681776,1,1
601318.SH,20171017,57.41,58.26,57.2,57.94,57.17,0.77,1.35,637815.73,3687434.212,0.36000000000000004,0.39150451898574884,1,1
601318.SH,20171018,58.06,59.03,57.87,58.98,57.94,1.04,1.8,710379.48,4156056.2010000004,0.3,-0.09025781999031653,1,0
601318.SH,20171019,59.06,59.95,58.8,59.59,58.98,0.61,1.03,741138.91,4412200.243,0.20333333333333337,0.10956827749808681,0,0
601318.SH,20171020,59.0,59.45,58.64,59.02,59.59,-0.57,-0.96,456881.47,2696601.7589999996,0.35333333333333333,0.28445760687192334,1,1
601318.SH,20171023,59.73,60.18,59.2,59.88,59.02,0.86,1.46,512391.75,3066104.021,0.5033333333333333,-0.1275487173597013,1,0
601318.SH,20171024,59.77,61.06,59.63,60.2,59.88,0.32,0.53,705336.42,4268526.176,1.2433333333333334,0.17709627489248964,1,0
601318.SH,20171025,60.1,60.44,59.71,60.08,60.2,-0.12,-0.2,386456.97,2322425.4,1.3266666666666667,1.1571309179067617,1,1
601318.SH,20171026,60.0,62.26,59.86,61.39,60.08,1.31,2.18,836840.94,5137430.623,0.9899999999999999,0.8577868419885641,1,1
601318.SH,20171027,61.5,63.98,61.48,63.93,61.39,2.54,4.14,876860.93,5509478.165,0.06333333333333334,-0.02860327919324189,0,0
601318.SH,20171030,64.0,65.3,63.13,64.06,63.93,0.13,0.2,1183831.53,7608700.683999999,0.02666666666666667,0.021047786474228412,0,0
601318.SH,20171031,63.5,64.5,63.31,64.36,64.06,0.3,0.47,513661.89,3284189.902,0.03,-0.2530178283651665,0,-1
601318.SH,20171101,64.47,66.28,63.72,64.12,64.36,-0.24,-0.37,1001119.09,6497719.272999999,-0.03666666666666666,-0.08507261951764375,0,0
601318.SH,20171102,64.2,64.39,63.0,64.14,64.12,0.02,0.03,824946.51,5249507.427,0.41,-0.11816696623961082,1,0
601318.SH,20171103,64.0,64.84,63.48,64.45,64.14,0.31,0.48,681439.78,4374187.708000001,0.05333333333333338,0.37549053470293736,0,1
601318.SH,20171106,64.69,64.7,62.92,64.01,64.45,-0.44,-0.68,908570.15,5784912.562000001,0.7733333333333334,0.08576529105504406,1,0
601318.SH,20171107,64.3,66.57,64.3,65.37,64.01,1.36,2.12,1173565.86,7697028.238,1.5066666666666666,0.13009303748607687,1,0
601318.SH,20171108,65.4,66.35,64.32,64.61,65.37,-0.76,-1.16,867820.83,5669830.793,1.8466666666666667,1.5869670303662624,1,1
601318.SH,20171109,64.5,66.39,64.4,66.33,64.61,1.72,2.66,708669.25,4620472.31,1.3633333333333333,1.0213806279500333,1,1
601318.SH,20171110,66.0,69.95,65.93,69.89,66.33,3.56,5.37,1254060.37,8577347.652,-0.22999999999999998,0.10123693029085847,0,0
601318.SH,20171113,70.1,70.57,69.48,70.15,69.89,0.26,0.37,752207.17,5267340.967,0.9533333333333335,-0.08838844388723324,1,0
601318.SH,20171114,70.69,71.29,69.77,70.42,70.15,0.27,0.38,801748.28,5652540.362000001,1.6166666666666665,0.5134098152319596,1,1
601318.SH,20171115,69.98,70.43,68.59,69.2,70.42,-1.22,-1.73,1009459.92,6990987.895,2.1700000000000004,1.5109958660602576,1,1
601318.SH,20171116,68.8,73.11,68.75,73.01,69.2,3.81,5.51,1163764.46,8269151.22,1.8099999999999998,0.9544049108028418,1,1
601318.SH,20171117,72.7,75.32,71.8,75.27,73.01,2.26,3.1,1580393.74,11680087.761,0.7266666666666666,1.2350992522637056,1,1
601318.SH,20171120,74.78,76.49,74.07,75.71,75.27,0.44,0.58,1141281.13,8583176.574,-0.4633333333333333,0.43518589297930454,-1,1
601318.SH,20171121,75.13,79.68,75.13,78.44,75.71,2.73,3.61,1445569.37,11268384.879,-1.2733333333333334,-1.894340566496054,-1,-1
601318.SH,20171122,79.5,79.96,76.58,77.45,78.44,-0.99,-1.26,1293487.99,10124738.589,-1.3,-0.4357962911327675,-1,-1
601318.SH,20171123,76.6,78.44,73.7,74.32,77.45,-3.13,-4.04,1576210.88,11946905.532,-0.5299999999999999,-0.46968935002883233,-1,-1
601318.SH,20171124,74.15,75.46,72.71,74.62,74.32,0.3,0.4,1317843.76,9752487.037999999,-0.7333333333333334,-0.557967694898446,-1,-1
601318.SH,20171127,74.7,74.9,71.55,73.55,74.62,-1.07,-1.43,1637232.33,11979068.075,-1.21,-0.21300663421551339,-1,0
601318.SH,20171128,72.7,73.54,71.88,72.73,73.55,-0.82,-1.11,786469.62,5710613.283,-1.5433333333333332,-0.9707090291380879,-1,-1
601318.SH,20171129,73.54,74.19,71.26,72.42,72.73,-0.31,-0.43,875004.64,6358820.396000001,-1.01,-0.9143978727857268,-1,-1
601318.SH,20171130,71.37,71.67,69.55,69.92,72.42,-2.5,-3.45,1163733.17,8210562.529,0.4266666666666667,-0.21234019656976016,1,0
601318.SH,20171201,69.65,70.18,67.91,68.1,69.92,-1.82,-2.6,1393046.03,9600520.277999999,0.43333333333333335,0.6958481434981034,1,1
601318.SH,20171204,67.6,70.35,67.37,69.39,68.1,1.29,1.89,1159283.17,8019893.921,-0.25,0.033870038986206566,-1,0
601318.SH,20171205,68.9,71.5,68.78,71.2,69.39,1.81,2.61,1692539.53,11943537.965,0.09666666666666668,-0.9859262493252751,0,-1
601318.SH,20171206,70.9,71.1,68.0,69.4,71.2,-1.8,-2.53,1245607.52,8683330.184,1.2833333333333332,0.8435035306215293,1,1
601318.SH,20171207,69.35,69.81,67.6,68.64,69.4,-0.76,-1.1,859703.58,5882969.802,0.8566666666666668,1.5754796012242642,1,1
601318.SH,20171208,68.94,71.86,68.66,71.49,68.64,2.85,4.15,1095632.28,7706090.993,0.21,-0.5567637824018792,0,-1
601318.SH,20171211,71.2,73.31,70.82,73.25,71.49,1.76,2.46,1139927.34,8230209.835,-0.7466666666666667,-0.16352894753217648,-1,0
601318.SH,20171212,73.25,73.56,71.17,71.21,73.25,-2.04,-2.79,777900.78,5624415.243,-0.27666666666666667,-0.1441609565416967,-1,0
601318.SH,20171213,71.21,72.62,70.2,72.12,71.21,0.91,1.28,865117.81,6180930.487000001,-0.4833333333333334,-0.7537840624650315,-1,-1
601318.SH,20171214,72.12,72.16,70.6,71.01,72.12,-1.11,-1.54,676186.94,4821543.307,0.8566666666666668,-0.43400600701570463,1,-1
601318.SH,20171215,70.69,71.44,70.05,70.38,71.01,-0.63,-0.89,735547.22,5203043.803,1.1866666666666668,0.9144326782226568,1,1
601318.SH,20171218,70.21,71.93,70.21,70.67,70.38,0.29,0.41,679116.99,4819171.12,1.4133333333333333,1.1327659108241406,1,1
601318.SH,20171219,70.91,73.63,70.71,73.58,70.67,2.91,4.12,1270583.05,9235563.922,0.1466666666666667,0.15221035162607882,0,0
601318.SH,20171220,73.49,74.59,73.08,73.94,73.58,0.36,0.49,939382.88,6929166.001,0.07333333333333332,0.04691924264033687,0,0
601318.SH,20171221,73.64,75.58,73.21,74.91,73.94,0.97,1.31,934707.66,6973083.823,-0.3233333333333333,-0.2345204336444532,-1,0
601318.SH,20171222,74.8,75.2,73.63,74.02,74.91,-0.89,-1.19,719526.58,5340481.047,-1.2233333333333334,-0.3533386099338527,-1,-1
601318.SH,20171225,74.06,76.17,73.37,74.16,74.02,0.14,0.19,1109978.96,8271645.257,-1.1900000000000002,-1.1839645951986308,-1,-1
601318.SH,20171226,74.11,74.56,72.88,73.94,74.16,-0.22,-0.3,832289.5,6125332.824,-1.3199999999999998,-0.6951811865965521,-1,-1
601318.SH,20171227,73.45,73.45,70.02,70.35,73.94,-3.59,-4.86,1506834.45,10782720.389,0.7466666666666666,-0.578954149484634,1,-1
601318.SH,20171228,70.3,71.42,69.67,70.59,70.35,0.24,0.34,1130886.42,7984386.864,0.12666666666666662,0.8233448145786927,0,1
601318.SH,20171229,71.09,71.53,69.5,69.98,70.59,-0.61,-0.86,1040018.01,7316476.634,0.3999999999999999,0.19239453514417065,1,0
601318.SH,20180102,70.21,72.8,70.18,72.59,69.98,2.61,3.73,1236163.17,8873521.553,-0.5666666666666668,-1.2330737054347989,-1,-1
601318.SH,20180103,73.4,73.9,70.11,70.97,72.59,-1.62,-2.23,1794054.92,12887286.352,-0.32,0.23263131678104454,-1,0
601318.SH,20180104,71.02,72.2,70.55,71.18,70.97,0.21,0.3,1061157.84,7558632.047,0.23000000000000007,0.05443220208088608,0,0
601318.SH,20180105,71.59,71.88,70.45,70.89,71.18,-0.29,-0.41,772075.81,5478422.385,0.27666666666666667,-0.3107604327797885,1,-1
601318.SH,20180108,70.79,70.79,69.32,70.01,70.89,-0.88,-1.24,1228729.53,8582728.348,0.88,0.20860098958015494,1,0
601318.SH,20180109,70.3,72.08,70.03,71.87,70.01,1.86,2.66,1239491.15,8846740.743999999,0.8466666666666667,0.6911945736408239,1,1
601318.SH,20180110,71.6,71.87,70.71,71.72,71.87,-0.15,-0.21,828123.01,5908131.847,1.9766666666666666,0.7120035582780844,1,1
601318.SH,20180111,71.05,73.12,71.0,72.65,71.72,0.93,1.3,1096288.95,7942591.596,1.72,1.3621061764160798,1,1
601318.SH,20180112,72.66,74.5,72.33,74.41,72.65,1.76,2.42,1282662.94,9412700.286,0.9766666666666669,0.9510725277662283,1,1
601318.SH,20180115,75.35,78.5,75.35,77.65,74.41,3.24,4.35,2006598.66,15506926.306,-0.013333333333333308,0.18943423509597831,0,0
601318.SH,20180116,77.68,79.48,77.2,77.81,77.65,0.16,0.21,1501643.17,11730259.422,-0.07333333333333332,-0.357620096802711,0,-1
601318.SH,20180117,78.1,79.35,76.5,77.34,77.81,-0.47,-0.6,1413574.16,11007901.752999999,0.4666666666666666,-0.2338189305861786,1,0
601318.SH,20180118,78.56,80.11,77.08,77.61,77.34,0.27,0.35,2074471.38,16276293.928,0.3833333333333333,0.2821012111504878,1,1
601318.SH,20180119,78.3,79.06,76.89,77.59,77.61,-0.02,-0.03,1553809.12,12121952.907,-0.3833333333333333,0.1502270129323011,-1,0
601318.SH,20180122,77.11,79.2,77.05,78.74,77.59,1.15,1.48,1215882.86,9519920.005,-1.15,-0.6267997360229488,-1,-1
601318.SH,20180123,80.3,81.28,78.29,78.76,78.74,0.02,0.03,1919898.4,15307309.842,-0.8866666666666666,-0.8622577472527818,-1,-1
601318.SH,20180124,79.0,79.44,76.38,76.44,78.76,-2.32,-2.95,1689141.04,13089919.947,-1.0266666666666666,-0.06720328529675752,-1,0
601318.SH,20180125,75.93,75.99,74.8,75.29,76.44,-1.15,-1.5,1234396.52,9292249.846,-0.6366666666666667,-0.8123045346140857,-1,-1
601318.SH,20180126,75.3,76.85,75.21,76.1,75.29,0.81,1.08,1125546.5,8558720.967,-0.3400000000000001,-0.6363640220959977,-1,-1
601318.SH,20180129,76.66,76.7,72.89,73.36,76.1,-2.74,-3.6,1517843.51,11341796.885,0.7066666666666667,0.26443486670653077,1,1
601318.SH,20180130,72.9,74.36,72.8,73.38,73.36,0.02,0.03,867816.93,6389286.977000001,0.8766666666666666,0.6741936928033835,1,1
601318.SH,20180131,72.65,75.15,72.52,75.08,73.38,1.7,2.32,934726.29,6959739.461,0.21000000000000005,0.22861398935318047,0,0
601318.SH,20180201,75.0,75.6,74.05,75.48,75.08,0.4,0.53,1415762.91,10624480.475,-0.57,-0.3062401114900902,-1,-1
601318.SH,20180202,74.87,76.38,74.13,76.01,75.48,0.53,0.7,1007583.37,7592895.872,-1.5433333333333332,-0.5330219656229015,-1,-1
601318.SH,20180205,74.4,75.95,74.3,75.71,76.01,-0.3,-0.39,948054.42,7124096.933999999,-2.24,-1.1357484841346737,-1,-1
601318.SH,20180206,73.85,74.7,72.5,73.77,75.71,-1.94,-2.56,2049666.83,15035748.670999998,-3.1133333333333333,-1.4012088519334789,-1,-1
601318.SH,20180207,74.6,74.65,70.5,71.38,73.77,-2.39,-3.24,1747840.83,12632931.015999999,-2.1399999999999997,-1.6172854304313657,-1,-1
601318.SH,20180208,70.61,71.5,68.37,68.99,71.38,-2.39,-3.35,1530108.9,10664335.041000001,-0.6566666666666664,-1.016776409645875,-1,-1
601318.SH,20180209,66.5,66.97,62.2,64.43,68.99,-4.56,-6.61,2492029.78,16087878.594,1.4866666666666666,0.23777112702528688,1,0
601318.SH,20180212,64.66,65.65,64.0,64.96,64.43,0.53,0.82,1029611.77,6677189.824,1.6033333333333335,1.455922129154206,1,1
601318.SH,20180213,66.2,68.35,66.06,67.02,64.96,2.06,3.17,1147957.2,7736172.612000001,1.2066666666666668,0.87865037282308,1,1
601318.SH,20180214,67.5,69.19,67.2,68.89,67.02,1.87,2.79,646501.88,4399687.785,0.6366666666666666,-0.050495979885259765,1,0
601318.SH,20180222,70.23,70.42,69.23,69.77,68.89,0.88,1.28,783649.99,5477772.497,0.013333333333333345,0.7049503453572598,0,1
601318.SH,20180223,70.25,71.46,69.83,70.64,69.77,0.87,1.25,556011.07,3929000.289,-0.96,-0.28056950221459026,-1,-1
601318.SH,20180226,70.99,71.58,69.6,70.8,70.64,0.16,0.23,693840.92,4900094.21,-0.6233333333333334,-1.4144674740235008,-1,-1
601318.SH,20180227,71.02,71.19,69.47,69.81,70.8,-0.99,-1.4,780994.82,5485814.9120000005,-0.71,0.11945477575063758,-1,0
601318.SH,20180228,69.2,69.24,67.7,67.76,69.81,-2.05,-2.94,782170.46,5354288.636,0.03999999999999998,-0.03885874350865632,0,0
601318.SH,20180301,67.18,69.38,66.88,68.93,67.76,1.17,1.73,663296.17,4535163.8319999995,0.12999999999999998,-0.4595188219348585,0,-1
601318.SH,20180302,68.0,68.66,67.45,67.68,68.93,-1.25,-1.81,581439.32,3950841.316,0.36666666666666664,0.45865634242693637,1,1
601318.SH,20180305,67.66,68.59,67.0,67.88,67.68,0.2,0.3,609823.8,4123448.692,0.8866666666666667,-0.03752586821714987,1,0
601318.SH,20180306,68.4,69.39,67.4,69.32,67.88,1.44,2.12,657077.23,4498428.233,0.5233333333333333,0.4613517038027451,1,1
601318.SH,20180307,68.98,70.18,68.18,68.78,69.32,-0.54,-0.78,590555.01,4086838.91,0.7799999999999999,0.5596852505207067,1,1
601318.SH,20180308,69.06,70.84,68.76,70.54,68.78,1.76,2.56,692681.65,4847200.944,-0.37333333333333335,-0.07228426357110292,-1,0
601318.SH,20180309,71.0,71.46,70.31,70.89,70.54,0.35,0.5,476222.0,3371832.639,-0.69,-0.36525617480277967,-1,-1
601318.SH,20180312,71.6,71.86,70.6,71.12,70.89,0.23,0.32,583351.47,4159385.5289999996,-0.20999999999999996,-0.5993522843718524,0,-1
601318.SH,20180313,71.2,71.35,69.18,69.42,71.12,-1.7,-2.39,609492.27,4270300.75,0.3633333333333333,0.06239068706830394,1,0
601318.SH,20180314,68.85,69.2,68.26,68.82,69.42,-0.6,-0.86,514760.79,3538649.61,1.6633333333333333,0.4518836528062826,1,1
601318.SH,20180315,68.41,70.7,68.4,70.49,68.82,1.67,2.43,627110.86,4389005.513,1.2,0.942345136205356,1,1
601318.SH,20180316,70.7,71.95,70.45,70.51,70.49,0.02,0.03,701326.23,4999966.473999999,1.1033333333333333,1.07238288084666,1,1
601318.SH,20180319,70.89,73.88,70.48,73.81,70.51,3.3,4.68,924499.82,6687346.253,-0.31,-0.08857429057359646,-1,0
601318.SH,20180320,73.1,74.19,72.7,74.09,73.81,0.28,0.38,659778.35,4847776.967,-1.2633333333333334,-0.37706542650858516,-1,-1
601318.SH,20180321,76.7,76.71,73.03,73.82,74.09,-0.27,-0.36,1367485.93,10277152.012,-1.8466666666666667,-1.1786607567469276,-1,-1
601318.SH,20180322,73.51,74.17,71.68,72.88,73.82,-0.94,-1.27,902877.52,6578006.315,-1.5733333333333333,-1.3157445064187046,-1,-1
601318.SH,20180323,70.0,70.77,69.42,70.3,72.88,-2.58,-3.54,1486954.92,10435410.981,-1.6333333333333335,-0.6715393062432603,-1,-1
601318.SH,20180326,69.2,69.97,66.98,68.28,70.3,-2.02,-2.87,1380985.19,9441425.605,-0.63,-0.9155000955859816,-1,-1
601318.SH,20180327,69.58,69.66,67.5,68.16,68.28,-0.12,-0.18,1039920.27,7111483.067000001,-0.9499999999999998,-0.3486827023824051,-1,-1
601318.SH,20180328,67.0,67.68,64.88,65.4,68.16,-2.76,-4.05,1420787.82,9380984.826,-0.2466666666666667,-0.4445455011725421,-1,-1
601318.SH,20180329,65.42,67.28,63.51,66.39,65.4,0.99,1.51,1462545.73,9514381.379,-0.6266666666666666,-0.5710601458946859,-1,-1
601318.SH,20180330,66.01,66.27,64.8,65.31,66.39,-1.08,-1.63,842022.51,5499095.857999999,-0.25333333333333335,-0.035765000085035456,-1,0
601318.SH,20180402,64.25,66.25,64.22,64.66,65.31,-0.65,-1.0,805559.09,5242356.77,0.4333333333333333,-0.15200216720501533,1,0
601318.SH,20180403,63.95,64.95,63.84,64.51,64.66,-0.15,-0.23,604070.68,3885145.8039999995,1.2466666666666668,0.45913323203722695,1,1
601318.SH,20180404,64.9,65.58,63.98,64.55,64.51,0.04,0.06,679989.53,4414551.485,1.04,1.2210267229874936,1,1
601318.SH,20180409,64.99,65.99,64.05,65.96,64.55,1.41,2.18,716142.85,4679345.562,0.25333333333333335,0.4271348742643998,0,1
601318.SH,20180410,65.69,68.4,65.39,68.25,65.96,2.29,3.47,905139.72,6064986.129,-0.69,-0.49549612998962356,-1,-1
601318.SH,20180411,68.3,68.57,67.48,67.67,68.25,-0.58,-0.85,720924.32,4894354.063,-1.1233333333333333,-0.37734205365180923,-1,-1
601318.SH,20180412,67.91,67.97,66.69,66.72,67.67,-0.95,-1.4,544502.5,3659539.916,-1.1966666666666665,-0.8971283519268032,-1,-1
601318.SH,20180413,67.43,67.45,66.05,66.18,66.72,-0.54,-0.81,466385.74,3114028.9289999995,-0.89,-0.9140470238526658,-1,-1
601318.SH,20180416,66.01,66.66,63.88,64.3,66.18,-1.88,-2.84,809639.57,5244687.54,0.06000000000000002,-0.37689399560292514,0,-1
601318.SH,20180417,64.44,64.86,62.83,63.13,64.3,-1.17,-1.82,831672.88,5312790.696,0.34,0.3779049831628805,1,1
601318.SH,20180418,63.78,63.95,62.6,63.51,63.13,0.38,0.6,764845.49,4841197.6680000005,0.49333333333333335,0.18344740033149773,1,0
601318.SH,20180419,63.9,64.95,63.66,64.48,63.51,0.97,1.53,726473.75,4680959.624,0.6933333333333334,-0.07887948324282915,1,0
601318.SH,20180420,64.2,64.87,63.51,64.15,64.48,-0.33,-0.51,603340.73,3871514.93,0.45,0.7338738560676581,1,1
601318.SH,20180423,64.15,65.16,63.78,64.99,64.15,0.84,1.31,544466.66,3516175.405,-0.6233333333333333,0.2280416438976929,-1,0
601318.SH,20180424,65.4,67.06,65.28,66.56,64.99,1.57,2.42,906954.07,6024928.823,-1.89,-1.2419886969526606,-1,-1
601318.SH,20180425,66.04,66.46,65.31,65.5,66.56,-1.06,-1.59,477827.61,3141687.1539999996,-1.3866666666666665,-1.1952494241793947,-1,-1
601318.SH,20180426,65.68,65.89,62.81,63.12,65.5,-2.38,-3.63,841553.82,5364614.954,-0.5599999999999999,-0.49824720640977177,-1,-1
601318.SH,20180427,63.55,63.73,58.34,60.89,63.12,-2.23,-3.53,2602862.57,15747812.239,-0.05999999999999998,-0.09483814209699581,0,0
601318.SH,20180502,61.36,61.79,60.75,61.34,60.89,0.45,0.74,708908.42,4341690.751,-0.05000000000000001,-0.20270305236180575,0,0
601318.SH,20180503,60.88,61.58,59.9,61.44,61.34,0.1,0.16,629125.38,3831120.277,0.5466666666666666,-0.2500758402546242,1,-1
601318.SH,20180504,61.33,61.64,60.64,60.71,61.44,-0.73,-1.19,441586.75,2694568.405,0.7466666666666667,0.5666788522402452,1,1
601318.SH,20180507,60.55,61.47,59.71,61.19,60.71,0.48,0.79,829447.83,5035372.512,0.6633333333333332,0.724238659938177,1,1
601318.SH,20180508,61.36,63.88,61.24,63.08,61.19,1.89,3.09,1174720.62,7388303.87,0.006666666666666668,-0.09244707057873358,0,0
601318.SH,20180509,63.1,63.4,62.52,62.95,63.08,-0.13,-0.21,484431.0,3048008.852,0.3833333333333333,-0.06030182768901139,1,0
601318.SH,20180510,63.3,63.75,62.61,63.18,62.95,0.23,0.37,498178.32,3143778.292,0.26333333333333336,0.4151483474175141,1,1
601318.SH,20180511,63.58,63.66,62.81,63.1,63.18,-0.08,-0.13,452105.51,2859210.137,-0.09666666666666664,0.21001607378323925,0,0
601318.SH,20180514,63.7,64.58,63.5,64.1,63.1,1.0,1.58,683709.16,4387898.493,-0.7000000000000001,-0.5257043984532351,-1,-1
601318.SH,20180515,64.5,64.59,63.4,63.97,64.1,-0.13,-0.2,529529.16,3376776.3210000005,-0.31,-0.5357557041446364,-1,-1
601318.SH,20180516,63.68,63.92,62.63,62.81,63.97,-1.16,-1.81,559514.39,3539081.1539999996,0.2833333333333333,0.06341712961594315,1,0
601318.SH,20180517,63.09,63.19,61.94,62.0,62.81,-0.81,-1.29,477782.23,2981258.0930000003,0.3366666666666667,0.3698391590515778,1,1
601318.SH,20180518,61.88,63.12,61.59,63.04,62.0,1.04,1.68,566253.26,3532704.058,-0.4266666666666667,-0.25336244344711256,-1,-1
601318.SH,20180521,63.55,64.15,63.27,63.66,63.04,0.62,0.98,705065.71,4492367.179,-0.8133333333333334,-0.6750275355577464,-1,-1
601318.SH,20180522,63.58,63.84,62.5,63.01,63.66,-0.65,-1.02,437692.14,2757950.4080000003,-0.49333333333333335,-0.5210890109340346,-1,-1
601318.SH,20180523,62.95,62.95,61.67,61.76,63.01,-1.25,-1.98,569154.52,3531232.659,0.24666666666666667,-0.14510713825623145,0,0
601318.SH,20180524,61.96,62.27,61.16,61.22,61.76,-0.54,-0.87,441513.27,2725820.768,0.3866666666666667,0.2272109832366313,1,0
601318.SH,20180525,61.38,62.18,61.34,61.53,61.22,0.31,0.51,353929.69,2183913.985,-0.29333333333333333,0.12920432408650767,-1,0
601318.SH,20180528,61.8,62.88,61.55,62.5,61.53,0.97,1.58,458948.75,2861428.758,-0.12333333333333336,-0.6195376890897747,0,-1
601318.SH,20180529,62.32,62.66,61.3,62.38,62.5,-0.12,-0.19,636474.46,3944873.8030000003,-0.24666666666666667,0.06571956356366526,-1,0
601318.SH,20180530,61.31,61.7,60.58,60.65,62.38,-1.73,-2.77,490836.64,2998177.225,0.96,0.14254768759012273,1,0
601318.SH,20180531,61.11,62.18,60.71,62.13,60.65,1.48,2.44,665388.31,4096852.001,0.8166666666666668,0.2799298828840261,1,1
601318.SH,20180601,61.91,62.19,61.28,61.64,62.13,-0.49,-0.79,408007.64,2516195.954,0.7233333333333333,0.9113944550355282,1,1
601318.SH,20180604,62.1,63.71,61.9,63.53,61.64,1.89,3.07,858897.4,5418564.799,0.30333333333333334,0.05932421674331081,1,0
601318.SH,20180605,63.59,65.0,63.21,64.58,63.53,1.05,1.65,885172.55,5683935.967,-0.33,0.010596735080083717,-1,0
601318.SH,20180606,64.43,64.45,63.71,63.81,64.58,-0.77,-1.19,490220.28,3140622.7819999997,0.14,-0.0869612815976138,0,0
601318.SH,20180607,63.27,64.54,63.02,63.24,62.61,0.63,1.01,746266.79,4763077.383,0.22,-0.37231873850027675,0,-1
601318.SH,20180608,62.97,63.24,61.95,62.39,63.24,-0.85,-1.34,579391.37,3617103.478,0.45333333333333337,0.39628549317518924,1,1
601318.SH,20180611,62.25,63.2,61.85,63.03,62.39,0.64,1.03,512803.13,3204236.377,0.47,0.4861230800549195,1,1
601318.SH,20180612,63.2,64.25,62.82,63.9,63.03,0.87,1.38,763559.25,4866437.06,0.24333333333333332,-0.034521736403305824,0,0
601318.SH,20180613,63.8,63.91,63.35,63.75,63.9,-0.15,-0.23,459053.26,2922589.416,-0.5533333333333333,0.19742603222529145,-1,0
601318.SH,20180614,63.58,65.35,63.45,64.44,63.75,0.69,1.08,798484.71,5164445.267,-0.8633333333333333,-0.9394869806369142,-1,-1
601318.SH,20180615,64.1,65.16,64.02,64.63,64.44,0.19,0.29,666582.72,4315505.697,-1.18,-0.8088907218972837,-1,-1
601318.SH,20180619,63.8,64.2,61.8,62.09,64.63,-2.54,-3.93,1278263.6,8087342.652000001,-0.34,-0.537812680204709,-1,-1
601318.SH,20180620,61.9,62.54,60.78,61.85,62.09,-0.24,-0.39,743195.22,4589333.023,-0.6866666666666666,-0.18311687658230416,-1,0
601318.SH,20180621,61.86,62.56,61.0,61.09,61.85,-0.76,-1.23,605493.96,3743256.874,-0.6166666666666667,-0.49433780252933457,-1,-1
601318.SH,20180622,60.6,61.5,60.6,61.07,61.09,-0.02,-0.03,465376.39,2837582.693,-1.1900000000000002,-0.7713196908434228,-1,-1
601318.SH,20180625,61.28,61.35,59.6,59.79,61.07,-1.28,-2.1,607496.72,3673033.33,-0.9866666666666667,-0.7106345138947164,-1,-1
601318.SH,20180626,59.1,59.61,57.8,59.24,59.79,-0.55,-0.92,717927.64,4222114.929,-0.22000000000000006,-0.5674482135971383,0,-1
601318.SH,20180627,59.1,59.45,57.44,57.5,59.24,-1.74,-2.94,697084.1,4051818.403,-0.7599999999999999,0.21543329040209505,-1,0
601318.SH,20180628,57.11,57.95,56.53,56.83,57.5,-0.67,-1.17,735991.24,4196752.214,-0.16333333333333325,-0.6012797132134433,0,-1
601318.SH,20180629,57.12,58.63,57.1,58.58,56.83,1.75,3.08,645112.04,3729377.8,-1.0199999999999998,-0.4740514873464898,-1,-1
601318.SH,20180702,58.28,58.28,54.65,55.22,58.58,-3.36,-5.74,900189.16,5082587.156,0.10333333333333339,-0.22695779820283207,0,0
601318.SH,20180703,55.6,56.56,54.33,56.34,55.22,1.12,2.03,949167.01,5276896.813,0.19999999999999998,0.01635038485129725,0,0
601318.SH,20180704,56.23,56.88,55.37,55.52,56.34,-0.82,-1.46,519493.68,2909529.8510000003,1.1199999999999999,0.4850602084398275,1,1
601318.SH,20180705,55.7,56.27,55.18,55.53,55.52,0.01,0.02,548434.32,3054478.672,0.8833333333333332,0.7218203153212871,1,1
601318.SH,20180706,55.98,57.65,55.54,56.94,55.53,1.41,2.54,824311.19,4674671.786,0.04999999999999997,0.5066967368125921,0,1
601318.SH,20180709,57.6,58.91,57.2,58.88,56.94,1.94,3.41,696043.04,4054246.9639999997,-0.16666666666666666,-0.41745552192131635,0,-1
601318.SH,20180710,59.0,59.05,57.55,58.18,58.88,-0.7,-1.19,555627.43,3233279.752,0.12,-0.04233937531709621,0,0
601318.SH,20180711,56.75,57.51,56.56,57.09,58.18,-1.09,-1.87,473781.85,2701645.1939999997,0.21,0.3290101615587876,0,1
601318.SH,20180712,57.24,58.89,57.24,58.38,57.09,1.29,2.26,647707.63,3777942.008,-0.11999999999999998,-0.11138102968533785,0,0
601318.SH,20180713,58.77,58.92,58.28,58.54,58.38,0.16,0.27,393785.46,2307228.865,-0.24333333333333332,-0.2690733067194616,-1,-1
601318.SH,20180716,58.3,58.78,57.38,57.72,58.54,-0.82,-1.4,431942.08,2494024.299,0.33,0.025356351633867135,1,0
601318.SH,20180717,57.9,58.26,57.42,58.02,57.72,0.3,0.52,379943.02,2195501.1380000003,0.94,0.23041479309399976,1,0
601318.SH,20180718,58.28,59.11,57.75,57.81,58.02,-0.21,-0.36,464485.05,2717273.9189999998,1.0899999999999999,0.8029811606804536,1,1
601318.SH,20180719,58.36,59.3,58.35,58.71,57.81,0.9,1.56,703699.03,4143173.505,1.01,0.4926557664076493,1,1
601318.SH,20180720,58.6,61.61,58.23,60.84,58.71,2.13,3.628,1069350.78,6433573.521000001,0.44,0.30025691290696516,1,1
601318.SH,20180723,60.35,61.6,60.25,61.08,60.84,0.24,0.3945,804573.37,4898411.219,-0.09333333333333334,0.4671507438023891,0,1
601318.SH,20180724,61.06,63.0,61.03,61.74,61.08,0.66,1.0806,836847.07,5207884.86,-0.29000000000000004,-0.4782805709044134,-1,-1
601318.SH,20180725,62.23,62.24,61.4,62.16,61.74,0.42,0.6803,409006.24,2529701.219,-0.20000000000000004,-0.566575474441051,0,-1
601318.SH,20180726,62.28,62.48,60.68,60.8,62.16,-1.36,-2.1879,482593.31,2960086.715,0.26666666666666666,0.2047289888064072,1,0
601318.SH,20180727,60.98,61.33,60.57,60.87,60.8,0.07,0.1151,334171.59,2037644.574,-0.38999999999999996,0.26426966965198573,-1,1
601318.SH,20180730,60.9,61.92,60.75,61.56,60.87,0.69,1.1336,376370.18,2303730.924,-1.0999999999999999,-0.6303830315669373,-1,-1
601318.SH,20180731,61.6,61.89,60.82,61.6,61.56,0.04,0.065,260698.59,1600697.2319999998,-1.26,-1.0458370650808013,-1,-1
601318.SH,20180801,61.8,62.41,59.62,59.7,61.6,-1.9,-3.0844,563434.32,3440050.5710000005,-0.6233333333333333,-0.6869172429045037,-1,-1
601318.SH,20180802,59.41,59.49,57.8,58.26,59.7,-1.44,-2.4121,646804.28,3782255.9269999997,0.43333333333333335,-0.24330938448508532,1,-1
601318.SH,20180803,58.43,58.76,57.78,57.82,58.26,-0.44,-0.7552,362083.3,2109021.4390000002,0.18666666666666668,0.45410329341888483,0,1
601318.SH,20180806,57.81,58.86,57.36,57.83,57.82,0.01,0.0173,419785.66,2438442.832,0.93,-0.04093929131825715,1,0
601318.SH,20180807,58.11,59.6,57.96,59.56,57.83,1.73,2.9915,561861.21,3306492.624,0.29333333333333345,0.29733674327532505,1,1
601318.SH,20180808,59.55,59.7,58.19,58.38,59.56,-1.18,-1.9812,412109.11,2426952.929,0.38999999999999996,0.7003859974940624,1,1
601318.SH,20180809,58.38,60.99,58.18,60.62,58.38,2.24,3.8369,635433.07,3820214.646,-0.5233333333333333,-0.42476997216542517,-1,-1
601318.SH,20180810,60.56,60.96,59.83,60.44,60.62,-0.18,-0.2969,349041.51,2108590.693,-1.1366666666666667,-0.5170512286821997,-1,-1
601318.SH,20180813,59.8,59.85,58.66,59.55,60.44,-0.89,-1.4725,454649.48,2692879.775,-0.8566666666666666,-0.7164838143189743,-1,-1
601318.SH,20180814,59.56,59.72,58.58,59.05,59.55,-0.5,-0.8396,308740.67,1824184.784,-0.8233333333333333,-0.53205942004919,-1,-1
601318.SH,20180815,59.03,59.05,56.67,57.03,59.05,-2.02,-3.4208,613747.92,3531927.672,0.26,-0.3818557514746979,1,-1
601318.SH,20180816,56.38,57.95,55.88,56.98,57.03,-0.05,-0.0877,475074.98,2710351.662,0.8133333333333334,0.3259602499008184,1,1
601318.SH,20180817,57.7,57.82,56.46,56.58,56.98,-0.4,-0.7020000000000001,351360.05,2009697.4009999998,1.45,0.8528266445795701,1,1
601318.SH,20180820,56.94,57.82,56.76,57.81,56.58,1.23,2.1739,462142.66,2653996.2369999997,1.4400000000000002,0.7829015366236375,1,1
601318.SH,20180821,57.86,59.65,57.86,59.42,57.81,1.61,2.785,636650.64,3768112.543,1.0166666666666666,0.8797662321726487,1,1
601318.SH,20180822,61.28,61.5,60.37,60.93,59.42,1.51,2.5412,1041857.14,6355540.682,0.8466666666666667,0.6327366348107661,1,1
601318.SH,20180823,61.01,62.38,61.01,62.13,60.93,1.2,1.9695,756111.3,4682981.908,0.2566666666666667,0.14995720406373395,1,0
601318.SH,20180824,61.7,63.33,61.5,62.47,62.13,0.34,0.5472,572631.51,3574475.333,0.18000000000000002,0.025312130252520753,0,0
601318.SH,20180827,63.08,63.68,62.72,63.47,62.47,1.0,1.6008,585793.43,3706028.568,-0.10333333333333332,-0.02937939365704804,0,0
601318.SH,20180828,63.8,63.84,62.6,62.9,63.47,-0.57,-0.8981,424944.21,2683512.0930000003,0.026666666666666672,0.017301631569862874,0,0
601318.SH,20180829,62.68,63.3,62.65,63.01,62.9,0.11,0.1749,278926.79,1757300.92,-0.09333333333333334,0.08822707782189103,0,0
601318.SH,20180830,63.5,64.05,63.02,63.16,63.01,0.15,0.2381,458496.33,2916938.041,0.5466666666666666,-0.1947517752647395,1,0
601318.SH,20180831,62.4,63.43,62.2,62.98,63.16,-0.18,-0.285,521114.0,3273908.6610000003,-0.06000000000000005,0.48416681965192215,0,1
601318.SH,20180903,62.6,63.0,62.11,62.73,62.98,-0.25,-0.397,323790.59,2027395.425,-0.26333333333333336,-0.13946686665217034,-1,0
601318.SH,20180904,62.85,64.93,62.54,64.8,62.73,2.07,3.2999,658378.78,4208358.192,-0.4666666666666666,-1.0860327422618863,-1,-1
601318.SH,20180905,64.41,64.64,62.8,62.8,64.8,-2.0,-3.0864,507437.18,3235414.305,-0.05000000000000001,0.10354715655247422,0,0
601318.SH,20180906,62.1,62.52,61.01,61.32,62.18,-0.86,-1.3831,457426.29,2827435.7060000002,0.12,0.16887577335039827,0,0
601318.SH,20180907,61.88,63.5,61.6,62.78,61.32,1.46,2.381,494711.65,3105514.558,-0.7266666666666667,-0.4639382327596342,-1,-1
601318.SH,20180910,62.6,62.87,61.6,62.03,62.78,-0.75,-1.1946,323390.01,2008532.822,0.1233333333333333,-0.6711309889952337,0,-1
601318.SH,20180911,62.0,62.58,61.25,61.68,62.03,-0.35,-0.5642,347070.57,2147831.325,0.54,0.40476859569549617,1,1
601318.SH,20180912,61.31,61.46,60.28,60.6,61.68,-1.08,-1.751,435460.28,2644081.431,0.6366666666666667,0.7550073905785885,1,1
601318.SH,20180913,61.78,62.4,61.01,62.4,60.6,1.8,2.9703,538846.97,3328513.24,0.5733333333333334,-0.26495506882667497,1,-1
601318.SH,20180914,62.57,63.76,62.42,63.3,62.4,0.9,1.4423,558370.41,3529776.705,0.6166666666666667,0.32572414278984124,1,1
601318.SH,20180917,62.3,63.18,62.25,62.51,63.3,-0.79,-1.248,269595.87,1686602.295,0.7633333333333333,0.9064065949122118,1,1
601318.SH,20180918,62.15,64.3,62.1,64.12,62.51,1.61,2.5756,635569.33,4033820.4710000004,1.1233333333333333,0.023157165845235698,1,0
601318.SH,20180919,64.09,65.8,63.81,65.15,64.12,1.03,1.6064,834705.07,5411874.454,0.68,0.6847729277610785,1,1
601318.SH,20180920,65.2,65.56,64.61,64.8,65.15,-0.35,-0.5372,418923.78,2721332.7410000004,1.0533333333333335,0.8762059239546464,1,1
601318.SH,20180921,65.28,67.5,64.97,67.49,64.8,2.69,4.1512,810431.09,5386807.332,-0.09666666666666666,-0.15044214596350938,0,0
601318.SH,20180925,66.9,67.73,66.48,67.19,67.49,-0.3,-0.4445,578103.89,3878568.209,0.4366666666666667,0.02782203455766093,1,0
601318.SH,20180926,67.23,69.0,66.83,67.96,67.19,0.77,1.146,908525.51,6186718.195,-1.06,0.1803343709309901,-1,0
601318.SH,20180927,67.73,67.75,66.86,67.2,67.96,-0.76,-1.1183,623574.33,4190581.061,-0.7333333333333333,-0.9565611092249549,-1,-1
601318.SH,20180928,67.5,69.1,67.44,68.5,67.2,1.3,1.9345,739523.87,5052835.863,-1.2833333333333334,-0.9224136312802629,-1,-1
601318.SH,20181008,66.8,66.84,64.71,64.78,68.5,-3.72,-5.4307,1128444.71,7402497.487000001,-0.9766666666666666,-0.48869168668985324,-1,-1
601318.SH,20181009,64.63,65.38,64.33,65.0,64.78,0.22,0.3396,486319.08,3155728.0310000004,-0.37666666666666665,-0.9085501308242476,-1,-1
601318.SH,20181010,65.09,65.58,64.2,64.65,65.0,-0.35,-0.5385,582799.02,3780647.727,-0.4833333333333332,-0.04416764696439057,-1,0
601318.SH,20181011,62.1,63.2,61.38,61.85,64.65,-2.8,-4.331,1145327.45,7141404.125,0.7166666666666668,-0.2529077619314189,1,-1
601318.SH,20181012,62.5,64.25,62.3,63.87,61.85,2.02,3.266,774616.71,4901391.148,0.09666666666666668,0.16598833143711142,0,0
601318.SH,20181015,63.9,64.44,63.09,63.2,63.87,-0.67,-1.0490000000000002,539743.26,3437483.874,-0.24999999999999997,0.4296221808592484,-1,1
601318.SH,20181016,63.35,65.18,63.33,64.0,63.2,0.8,1.2658,584034.99,3761333.74,0.5399999999999999,-0.8870848385492957,1,-1
601318.SH,20181017,65.17,65.32,62.41,64.16,64.0,0.16,0.25,761401.92,4861851.848999999,1.2566666666666666,0.7309743360678361,1,1
601318.SH,20181018,63.49,63.52,62.25,62.45,64.16,-1.71,-2.6652,603019.84,3788520.1289999997,1.0200000000000002,1.7296006608009344,1,1
601318.SH,20181019,61.99,66.1,61.88,65.62,62.45,3.17,5.0761,1138815.16,7314843.217999999,0.21000000000000005,-0.388876041869322,0,-1
601318.SH,20181022,66.01,69.42,65.62,67.93,65.62,2.31,3.5203,1616881.74,10961620.26,-0.42333333333333334,-0.10723318099975537,-1,0
601318.SH,20181023,68.0,68.32,64.88,65.51,67.93,-2.42,-3.5625,1172134.46,7814653.832,0.009999999999999934,0.2519535279273992,0,0
601318.SH,20181024,65.78,67.85,65.56,66.25,65.51,0.74,1.1296,810632.05,5398315.0139999995,-1.4166666666666667,-0.768040295541286,-1,-1
601318.SH,20181025,64.2,66.66,64.2,66.66,66.25,0.41,0.6189,736202.53,4816111.1219999995,-1.2866666666666668,-1.3660976595679915,-1,-1
601318.SH,20181026,66.3,66.77,64.38,65.54,66.66,-1.12,-1.6802,797411.04,5212551.961,-0.6366666666666667,-0.6662222208579377,-1,-1
601318.SH,20181029,65.87,65.99,61.9,62.0,65.54,-3.54,-5.4013,1216419.42,7666491.234,0.7666666666666666,0.12631805102030488,1,0
601318.SH,20181030,60.0,64.63,59.5,62.8,62.0,0.8,1.2903,1269208.29,7969650.42,1.5166666666666666,0.5518200784921652,1,1
601318.SH,20181031,63.01,63.95,62.16,63.63,62.8,0.83,1.3217,782835.25,4948893.033,0.9833333333333333,1.1526772209008542,1,1
601318.SH,20181101,64.22,65.5,64.08,64.3,63.63,0.67,1.053,689871.09,4463737.106000001,0.8333333333333334,0.351697483460109,1,1
601318.SH,20181102,66.92,67.35,65.55,67.35,64.3,3.05,4.7434,1173949.37,7821171.766,-0.41,-0.22406996667385054,-1,0
601318.SH,20181105,66.5,67.05,65.7,66.58,67.35,-0.77,-1.1433,547131.86,3634382.539,-0.09333333333333337,-0.07045832961797664,0,0
601318.SH,20181106,66.2,66.8,65.8,66.8,66.58,0.22,0.3304,385081.85,2553280.683,-0.7266666666666666,-0.3396393324931458,-1,-1
601318.SH,20181107,66.89,67.34,65.9,66.12,66.8,-0.68,-1.018,510658.43,3393066.441,-0.48666666666666664,-0.6317535047729805,-1,-1
601318.SH,20181108,66.93,67.17,66.0,66.3,66.12,0.18,0.2722,504946.17,3364558.9439999997,-0.43,-0.30429086416959716,-1,-1
601318.SH,20181109,65.75,65.98,64.38,64.62,66.3,-1.68,-2.5339,544689.7,3544347.557,-0.22333333333333338,0.032856843372186535,0,0
601318.SH,20181112,64.4,65.14,63.75,64.66,64.62,0.04,0.0619,458511.64,2956910.272,0.1466666666666666,-0.33590174913406323,0,-1
601318.SH,20181113,63.78,65.57,63.5,65.01,64.66,0.35,0.5413,520997.95,3362080.7430000002,0.07999999999999995,0.008207416832447557,0,0
601318.SH,20181114,65.05,65.09,63.6,63.95,65.01,-1.06,-1.6305,573814.07,3680152.361,-1.06,0.14374867796897942,-1,0
601318.SH,20181115,64.0,65.14,63.77,65.1,63.95,1.15,1.7983,500579.86,3231462.6760000004,1.15,-1.3041855827967321,1,-1
