open,high,low,pre_close,change,pct_chg,vol,amount,close,ave_change,pred_change,real_trend,pred_trend,random_trend
37.49,38.26,37.44,37.51,0.31,0.83,1250054.58,4732657.328,37.82,0.06,-0.1715182832915712,1,1,-1
37.9,38.07,37.61,37.82,0.14,0.37,678663.87,2568647.819,37.96,-0.04666666666666667,0.020798398226070682,0,0,1
37.8,38.38,37.8,37.96,-0.05,-0.13,619325.39,2359210.184,37.91,-0.21666666666666667,0.003663431085193852,0,0,0
37.95,38.28,37.82,37.91,0.09,0.24,505383.86,1920918.7719999999,38.0,-0.06999999999999999,0.04340545698078285,0,0,1
37.95,38.1,37.73,38.0,-0.18,-0.47,548573.55,2080732.8930000002,37.82,0.056666666666666664,-0.008533802135328367,0,0,1
37.7,37.86,37.2,37.82,-0.56,-1.48,623979.6,2337681.712,37.26,0.86,-0.01078954524587333,1,0,1
37.26,38.12,37.24,37.26,0.53,1.42,952932.43,3609995.3039999995,37.79,0.66,0.03542577587183956,0,0,-1
37.71,38.08,37.71,37.79,0.2,0.53,595182.93,2258188.097,37.99,0.9866666666666667,0.035748907674143224,1,0,-1
38.03,40.05,38.01,37.99,1.85,4.87,1589203.71,6249692.993,39.84,0.3533333333333333,0.10399142626601934,0,0,0
39.8,40.09,39.56,39.84,-0.07,-0.18,827794.46,3296766.9110000003,39.77,0.43999999999999995,-0.1515471292011722,0,0,-1
39.7,41.3,39.7,39.77,1.18,2.97,1200171.19,4897614.123,40.95,-0.17666666666666667,0.44654419894490543,0,1,0
41.22,41.96,40.62,40.95,-0.05,-0.12,716224.2,2960377.186,40.9,-0.09333333333333334,-0.08144425669596247,0,0,0
40.9,41.3,40.68,40.9,0.19,0.46,629862.81,2582208.68,41.09,-0.026666666666666672,-0.07331846975874362,0,0,1
41.0,41.09,40.19,41.09,-0.67,-1.63,779106.38,3156764.5130000003,40.42,0.8066666666666666,-0.007536460083117712,1,0,0
40.06,41.08,40.06,40.42,0.2,0.49,581678.8,2368295.17,40.62,0.8500000000000001,-0.03444357474418854,1,0,-1
40.59,41.33,40.59,40.62,0.39,0.96,420467.64,1727706.874,41.01,0.6733333333333333,-0.06787805611923586,0,0,0
41.03,43.02,41.03,41.01,1.83,4.46,1025570.92,4349844.018,42.84,0.8833333333333333,0.16750700167673324,1,0,-1
43.0,44.18,42.85,42.84,0.33,0.77,1060990.37,4628619.016,43.17,0.6699999999999999,-0.1807199868416006,0,0,-1
43.0,43.54,41.97,43.17,-0.14,-0.32,813519.57,3491155.434,43.03,0.68,-0.0868995474382809,0,0,1
43.0,45.56,42.95,43.03,2.46,5.72,1389899.96,6178137.404,45.49,0.16,0.21374060148888985,0,0,-1
45.4,45.85,44.86,45.49,-0.31,-0.68,783613.01,3547666.748,45.18,-0.07333333333333332,0.11561988333460219,0,0,0
45.0,47.13,44.82,45.18,-0.11,-0.24,1009977.89,4624877.831,45.07,-0.13333333333333333,0.050171147052194595,0,0,-1
45.4,46.0,44.9,45.07,0.9,2.0,772361.16,3513398.064,45.97,0.020000000000000018,0.21698936866040294,0,0,-1
45.89,46.37,44.63,45.97,-1.01,-2.2,826333.57,3734938.417,44.96,0.34,-0.09058896252615786,0,0,-1
44.92,45.15,44.08,44.96,-0.29,-0.65,780002.74,3468933.93,44.67,0.9833333333333334,0.0683588410921496,1,0,1
44.6,46.1,44.6,44.67,1.36,3.04,967169.68,4383686.411,46.03,0.7033333333333333,0.27750985693857255,1,1,-1
46.2,46.88,45.71,46.03,-0.05,-0.11,788200.64,3645872.262,45.98,0.9833333333333334,0.15406701732543013,1,0,1
45.9,47.65,45.82,45.98,1.64,3.57,832171.37,3899227.565,47.62,0.2733333333333334,-0.12821874855595852,0,0,1
47.7,48.77,47.5,47.62,0.52,1.09,925676.74,4462205.605,48.14,-0.31,0.34668410949089834,0,1,-1
48.02,49.64,48.02,48.14,0.79,1.64,859596.8,4199730.273,48.93,-0.9166666666666666,0.4335201206193371,-1,1,0
48.75,49.2,47.9,48.93,-0.49,-1.0,670461.22,3245558.6010000003,48.44,-0.58,0.26744770799440826,0,1,-1
48.63,48.84,47.0,48.44,-1.23,-2.54,834013.97,3974060.287,47.21,0.45,-0.11392558535473912,0,0,-1
47.19,47.47,45.91,47.21,-1.03,-2.18,1041983.33,4833899.744,46.18,0.64,-0.05233061526154551,0,0,0
46.1,47.18,46.1,46.18,0.52,1.13,807231.42,3777604.44,46.7,0.9100000000000001,0.18208388821153967,1,0,1
46.96,48.63,46.69,46.7,1.86,3.98,808481.91,3869638.235,48.56,0.19333333333333336,-0.34390031526945924,0,-1,1
48.77,48.93,47.67,48.56,-0.46,-0.95,616355.33,2962329.659,48.1,0.54,0.2702989328892034,0,1,-1
48.3,49.56,47.56,48.1,1.33,2.77,849757.18,4147969.142,49.43,0.09666666666666666,0.22282086110663188,0,0,0
49.2,50.47,49.05,49.43,-0.29,-0.59,1146464.05,5715913.249,49.14,0.26,0.23569577715322818,0,0,1
49.24,49.9,48.79,49.14,0.58,1.18,873719.64,4310012.062,49.72,-0.37000000000000005,0.43251012454132787,0,1,-1
49.99,50.77,49.35,49.72,0.0,0.0,953192.55,4760578.482,49.72,0.08,0.3464868184082203,0,1,0
49.7,49.95,48.93,49.72,0.2,0.4,780835.85,3855524.441,49.92,-0.10333333333333332,0.3912892295079754,0,1,1
49.7,49.74,48.55,49.92,-1.31,-2.62,691322.47,3393564.25,48.61,0.10999999999999999,-0.0780647802899975,0,0,1
48.8,50.05,48.38,48.61,1.35,2.78,753228.75,3715241.204,49.96,-0.68,0.18833639579034064,0,0,0
49.8,50.2,49.28,49.96,-0.35,-0.7,598630.98,2974857.809,49.61,0.27,0.2799915901582699,0,1,-1
49.8,49.8,48.55,49.61,-0.67,-1.35,563199.18,2755923.273,48.94,0.8166666666666668,0.21121585056902623,1,0,0
48.8,48.84,47.91,48.94,-1.02,-2.08,683920.65,3299813.3819999998,47.92,1.03,0.06223205544792849,1,0,1
48.0,50.7,48.0,47.92,2.5,5.22,1272537.22,6293926.168,50.42,0.23666666666666666,0.48466952173607847,0,1,1
50.42,52.0,50.07,50.42,0.97,1.92,1137814.8,5793924.187999999,51.39,0.13,0.489494474312484,0,1,-1
51.15,51.62,50.53,51.39,-0.38,-0.74,533925.98,2727331.058,51.01,0.05000000000000001,0.13951252940838355,0,0,0
51.02,51.96,50.69,51.01,0.12,0.24,570776.01,2938274.374,51.13,0.35000000000000003,0.19695549197402093,0,0,1
50.81,52.01,50.61,50.58,0.65,1.29,699539.63,3600296.755,51.23,0.5133333333333333,0.24478324793967324,0,0,-1
51.36,52.5,50.42,51.23,-0.62,-1.21,870117.34,4490986.366,50.61,1.0966666666666667,0.15626591338435344,1,0,-1
50.98,51.86,50.83,50.61,1.02,2.02,665342.98,3418210.961,51.63,0.6133333333333332,0.18398998738822034,0,0,-1
51.69,52.79,51.3,51.63,1.14,2.21,707791.62,3681295.002,52.77,0.35666666666666663,0.10306168621506986,0,0,1
53.01,55.09,52.42,52.77,1.13,2.14,1408791.34,7585579.25,53.9,0.036666666666666674,0.6603653703082454,0,1,1
53.6,54.26,52.51,53.9,-0.43,-0.8,879029.53,4697173.72,53.47,-0.5033333333333333,0.08404250156111315,0,0,-1
53.68,54.48,53.11,53.47,0.37,0.69,771180.69,4138848.1089999997,53.84,-0.41,0.01247395770063731,0,0,-1
53.55,54.15,52.82,53.84,0.17,0.32,659198.74,3528872.923,54.01,-0.5666666666666667,-0.118545081094213,0,0,1
53.2,53.28,51.9,54.01,-2.05,-3.8,1294791.93,6811105.692000001,51.96,-0.023333333333333317,0.07653389202879479,0,0,-1
52.08,53.1,51.68,51.96,0.65,1.25,904595.93,4749136.592,52.61,-0.08333333333333333,0.31741509326617334,0,1,0
52.62,53.05,52.18,52.61,-0.3,-0.57,506834.83,2670578.6119999997,52.31,-0.13999999999999999,-0.047330894488244506,0,0,1
52.1,52.5,51.28,52.31,-0.42,-0.8,657610.87,3403982.4680000003,51.89,0.043333333333333335,0.08857342210295358,0,0,0
51.85,52.74,51.09,51.89,0.47,0.91,667132.94,3456657.893,52.36,0.8300000000000001,0.08775280013739803,1,0,-1
52.2,52.46,51.8,52.36,-0.47,-0.9,491294.73,2557067.863,51.89,0.7166666666666667,-0.00472785449004634,1,0,-1
51.88,52.64,51.41,51.89,0.13,0.25,616005.07,3210189.249,52.02,0.3,0.1053328840002433,0,0,1
52.2,54.9,52.2,52.02,2.83,5.44,1147936.61,6170850.61,54.85,-0.9700000000000001,0.2432058207455544,-1,0,1
54.81,54.82,53.88,54.85,-0.81,-1.48,723817.45,3925861.501,54.04,-0.5733333333333334,0.005061744986456883,0,0,0
54.04,54.48,52.88,54.04,-1.12,-2.07,565311.64,3036337.5439999998,52.92,-0.15666666666666665,-0.0022264336530438897,0,0,-1
52.99,53.19,51.85,52.92,-0.98,-1.85,666087.38,3494563.811,51.94,0.04,0.0633132314551777,0,0,1
51.91,52.84,51.53,51.94,0.38,0.73,523852.17,2738587.9439999997,52.32,-0.53,-0.08965059780836804,0,0,1
52.3,52.56,51.91,52.32,0.13,0.25,367322.51,1917168.051,52.45,-0.9566666666666667,-0.1730651153296783,-1,0,1
52.35,52.84,52.0,52.45,-0.39,-0.74,410734.11,2149503.758,52.06,-0.5233333333333333,-0.07660417563300706,0,0,0
52.07,52.45,50.51,52.06,-1.33,-2.55,846423.15,4333370.708000001,50.73,0.0566666666666667,-0.04595299863093542,0,0,0
50.2,50.73,49.53,50.73,-1.15,-2.27,828145.63,4147670.9280000003,49.58,0.5433333333333333,0.016281055715432043,0,0,0
49.99,51.0,49.64,49.58,0.91,1.84,791494.96,3992982.202,50.49,0.20333333333333334,0.37821358849158154,0,1,0
50.8,51.56,50.6,50.49,0.41,0.81,680849.53,3482968.11,50.9,0.7566666666666667,0.27247118718805147,1,1,0
50.85,51.29,50.53,50.9,0.31,0.61,340851.06,1735515.8530000001,51.21,0.6066666666666666,-0.04318372442387417,0,0,0
51.47,51.83,50.87,51.21,-0.11,-0.21,374711.48,1922044.261,51.1,1.3666666666666665,0.05723776921854518,1,0,-1
52.4,53.86,51.62,51.1,2.07,4.05,1176428.75,6204026.735,53.17,0.7433333333333333,0.06511029293570725,1,0,-1
53.4,54.28,52.78,53.17,-0.14,-0.26,716152.54,3834637.735,53.03,0.6966666666666667,0.012716600114557684,1,0,1
53.41,55.26,53.32,53.03,2.17,4.09,1009896.78,5503927.188999999,55.2,0.20999999999999996,-0.12577897261471013,0,0,1
55.01,55.83,54.82,55.2,0.2,0.36,564884.35,3124559.298,55.4,0.26666666666666666,-0.4234483724476805,0,-1,0
55.55,56.28,54.95,55.4,-0.28,-0.51,560654.76,3111185.225,55.12,0.6466666666666666,-0.26186366902770253,0,-1,1
54.9,56.22,54.84,55.12,0.71,1.29,743106.0,4147141.4560000002,55.83,0.19333333333333333,-0.18019665614765126,0,0,-1
55.98,57.75,55.98,55.83,0.37,0.66,803295.69,4571588.7530000005,56.2,-0.05666666666666668,-0.031180230010979373,0,0,0
56.1,57.25,55.88,56.2,0.86,1.53,416774.19,2365449.403,57.06,-0.2966666666666667,-0.7593612310632637,0,-1,0
57.0,57.63,56.26,57.06,-0.65,-1.14,470277.18,2668794.0130000003,56.41,-0.25333333333333335,-0.17789130902363323,0,0,1
56.33,56.66,55.55,56.41,-0.38,-0.67,480957.2,2694501.061,56.03,0.2533333333333333,-0.3008646934378072,0,-1,1
56.05,57.04,55.6,56.03,0.14,0.25,571083.47,3213848.068,56.17,-0.09000000000000004,-0.41206139025775473,0,-1,-1
55.51,55.56,54.81,55.67,-0.52,-0.93,484051.38,2668523.944,55.15,-0.08000000000000003,-0.24964347559469682,0,-1,0
55.4,56.6,55.11,55.15,1.14,2.07,563769.9,3153737.5069999998,56.29,-0.4233333333333333,-0.3814390586370632,0,-1,-1
56.05,56.38,55.09,56.29,-0.89,-1.58,424063.1,2354829.57,55.4,-0.47000000000000003,-0.13832614232453855,0,0,0
55.6,55.82,54.83,55.4,-0.49,-0.88,329740.56,1818266.1230000001,54.91,-0.03333333333333336,-0.34981142653176645,0,-1,-1
54.9,55.52,54.83,54.91,0.11,0.2,290322.23,1601029.3190000001,55.02,0.016666666666666646,-0.616369551415356,0,-1,1
55.21,55.98,53.92,55.02,-1.03,-1.87,804098.42,4405694.623,53.99,0.010000000000000009,0.03736577442331013,0,0,-1
54.48,54.87,53.61,53.99,0.82,1.52,555954.0,3018230.917,54.81,-0.47666666666666674,-0.4818583772687531,0,-1,-1
54.8,55.36,54.33,54.81,0.26,0.47,398069.83,2188825.236,55.07,-0.59,-0.6423261455277987,0,-1,0
55.1,55.25,53.9,55.07,-1.05,-1.91,510191.15,2769164.3,54.02,-0.18666666666666665,-0.048944078790183775,0,0,0
54.09,54.2,53.15,54.02,-0.64,-1.18,754259.44,4035496.8239999996,53.38,-0.09999999999999999,0.015582519615853045,0,0,0
53.27,54.48,53.27,53.38,-0.08,-0.15,754002.96,4045828.546,53.3,0.17333333333333334,0.03008169311631058,0,0,0
53.69,54.04,53.11,53.3,0.16,0.3,621506.55,3322570.961,53.46,0.19333333333333333,-0.14296993609331698,0,0,-1
53.44,53.7,53.0,53.46,-0.38,-0.71,587189.13,3132558.755,53.08,0.36000000000000004,-0.08480035263858679,0,0,0
53.16,54.24,53.01,53.08,0.74,1.39,727092.01,3909123.212,53.82,0.1433333333333333,-0.06278146722552316,0,0,-1
53.55,54.35,53.52,53.82,0.22,0.41,549471.82,2965926.9639999997,54.04,-0.1466666666666667,-0.30745421984817534,0,-1,1
54.05,54.73,53.82,54.04,0.12,0.22,657944.94,3572267.811,54.16,-0.14,-0.1622225329024167,0,0,1
53.99,54.33,53.95,54.16,0.09,0.17,427958.45,2317837.253,54.25,-0.03000000000000001,-0.42429088332114007,0,-1,1
54.1,54.24,53.46,54.25,-0.65,-1.2,468984.47,2525092.409,53.6,0.3866666666666667,-0.15301352866930523,0,0,1
53.6,53.97,53.32,53.6,0.14,0.26,397737.46,2134157.815,53.74,0.3933333333333333,-0.40245776712282744,0,-1,1
53.72,54.35,53.43,53.74,0.42,0.78,434172.31,2345094.281,54.16,0.3833333333333333,-0.5669433499517461,0,-1,0
56.1,56.5,54.71,54.16,0.6,1.11,882361.99,4894508.072,54.76,0.7833333333333333,0.12453442272330972,1,0,1
54.86,55.52,53.81,54.76,0.16,0.29,960683.2,5234374.162,54.92,0.7200000000000001,0.21967300162337605,1,0,0
54.9,55.72,54.55,54.92,0.39,0.71,664527.95,3671752.167,55.31,0.62,-0.30356898416104533,0,-1,1
55.2,57.19,55.12,55.31,1.8,3.25,898550.11,5060866.914,57.11,0.27666666666666667,-0.09326825242077105,0,0,-1
56.91,57.43,56.73,57.11,-0.03,-0.05,508153.3,2898031.5360000003,57.08,0.6333333333333333,-0.3880201373509103,0,-1,0
57.5,58.55,57.09,57.08,0.09,0.16,749769.23,4336232.571,57.17,0.8066666666666666,-0.06581002775267808,1,0,-1
57.41,58.26,57.2,57.17,0.77,1.35,637815.73,3687434.212,57.94,0.36000000000000004,-0.35942651897512284,0,-1,1
58.06,59.03,57.87,57.94,1.04,1.8,710379.48,4156056.2010000004,58.98,0.3,-0.1134520074390675,0,0,-1
59.06,59.95,58.8,58.98,0.61,1.03,741138.91,4412200.243,59.59,0.20333333333333337,0.0018308159776275514,0,0,-1
59.0,59.45,58.64,59.59,-0.57,-0.96,456881.47,2696601.7589999996,59.02,0.35333333333333333,-0.055537741474186934,0,0,-1
59.73,60.18,59.2,59.02,0.86,1.46,512391.75,3066104.021,59.88,0.5033333333333333,-0.33079990339455984,0,-1,-1
59.77,61.06,59.63,59.88,0.32,0.53,705336.42,4268526.176,60.2,1.2433333333333334,0.04503114972528274,1,0,-1
60.1,60.44,59.71,60.2,-0.12,-0.2,386456.97,2322425.4,60.08,1.3266666666666667,-0.14142494412753706,1,0,0
60.0,62.26,59.86,60.08,1.31,2.18,836840.94,5137430.623,61.39,0.9899999999999999,0.2083860396909944,1,0,0
61.5,63.98,61.48,61.39,2.54,4.14,876860.93,5509478.165,63.93,0.06333333333333334,0.10479758684222082,0,0,1
64.0,65.3,63.13,63.93,0.13,0.2,1183831.53,7608700.683999999,64.06,0.02666666666666667,0.5749951345465497,0,1,1
63.5,64.5,63.31,64.06,0.3,0.47,513661.89,3284189.902,64.36,0.03,0.1653668510202165,0,0,0
64.47,66.28,63.72,64.36,-0.24,-0.37,1001119.09,6497719.272999999,64.12,-0.03666666666666666,0.33014226137628466,0,1,0
64.2,64.39,63.0,64.12,0.02,0.03,824946.51,5249507.427,64.14,0.41,0.38096020421186855,0,1,-1
64.0,64.84,63.48,64.14,0.31,0.48,681439.78,4374187.708000001,64.45,0.05333333333333338,0.2968496162844662,0,1,1
64.69,64.7,62.92,64.45,-0.44,-0.68,908570.15,5784912.562000001,64.01,0.7733333333333334,0.3643904176889662,1,1,1
64.3,66.57,64.3,64.01,1.36,2.12,1173565.86,7697028.238,65.37,1.5066666666666666,0.6045786673182874,1,1,1
65.4,66.35,64.32,65.37,-0.76,-1.16,867820.83,5669830.793,64.61,1.8466666666666667,0.3895677167939651,1,1,1
64.5,66.39,64.4,64.61,1.72,2.66,708669.25,4620472.31,66.33,1.3633333333333333,0.10398910837579081,1,0,0
66.0,69.95,65.93,66.33,3.56,5.37,1254060.37,8577347.652,69.89,-0.22999999999999998,0.13953012297608744,0,0,1
70.1,70.57,69.48,69.89,0.26,0.37,752207.17,5267340.967,70.15,0.9533333333333335,-0.02725195077668268,1,0,0
70.69,71.29,69.77,70.15,0.27,0.38,801748.28,5652540.362000001,70.42,1.6166666666666665,-0.08430596517962494,1,0,1
69.98,70.43,68.59,70.42,-1.22,-1.73,1009459.92,6990987.895,69.2,2.1700000000000004,0.011276436345650051,1,0,-1
68.8,73.11,68.75,69.2,3.81,5.51,1163764.46,8269151.22,73.01,1.8099999999999998,0.11202053537290485,1,0,-1
72.7,75.32,71.8,73.01,2.26,3.1,1580393.74,11680087.761,75.27,0.7266666666666666,0.0691883226878096,1,0,-1
74.78,76.49,74.07,75.27,0.44,0.58,1141281.13,8583176.574,75.71,-0.4633333333333333,0.30348477592038986,0,1,1
75.13,79.68,75.13,75.71,2.73,3.61,1445569.37,11268384.879,78.44,-1.2733333333333334,-0.0495624828545367,-1,0,-1
79.5,79.96,76.58,78.44,-0.99,-1.26,1293487.99,10124738.589,77.45,-1.3,0.14075966943842652,-1,0,-1
76.6,78.44,73.7,77.45,-3.13,-4.04,1576210.88,11946905.532,74.32,-0.5299999999999999,0.23045590177474018,0,0,1
74.15,75.46,72.71,74.32,0.3,0.4,1317843.76,9752487.037999999,74.62,-0.7333333333333334,0.4525759224295046,0,1,1
74.7,74.9,71.55,74.62,-1.07,-1.43,1637232.33,11979068.075,73.55,-1.21,-0.12158636236021242,-1,0,0
72.7,73.54,71.88,73.55,-0.82,-1.11,786469.62,5710613.283,72.73,-1.5433333333333332,0.12690001563264092,-1,0,1
73.54,74.19,71.26,72.73,-0.31,-0.43,875004.64,6358820.396000001,72.42,-1.01,-0.011261957344958405,-1,0,1
71.37,71.67,69.55,72.42,-2.5,-3.45,1163733.17,8210562.529,69.92,0.4266666666666667,0.12097152941723191,0,0,1
69.65,70.18,67.91,69.92,-1.82,-2.6,1393046.03,9600520.277999999,68.1,0.43333333333333335,-0.13170048053360092,0,0,-1
67.6,70.35,67.37,68.1,1.29,1.89,1159283.17,8019893.921,69.39,-0.25,0.37033070577665644,0,1,-1
68.9,71.5,68.78,69.39,1.81,2.61,1692539.53,11943537.965,71.2,0.09666666666666668,0.30907637955180506,0,1,0
70.9,71.1,68.0,71.2,-1.8,-2.53,1245607.52,8683330.184,69.4,1.2833333333333332,-0.13820700755112153,1,0,0
69.35,69.81,67.6,69.4,-0.76,-1.1,859703.58,5882969.802,68.64,0.8566666666666668,0.23552505942518753,1,0,-1
68.94,71.86,68.66,68.64,2.85,4.15,1095632.28,7706090.993,71.49,0.21,0.1740718350260054,0,0,1
71.2,73.31,70.82,71.49,1.76,2.46,1139927.34,8230209.835,73.25,-0.7466666666666667,0.0016763380535442865,0,0,-1
73.25,73.56,71.17,73.25,-2.04,-2.79,777900.78,5624415.243,71.21,-0.27666666666666667,0.17854546339884872,0,0,0
71.21,72.62,70.2,71.21,0.91,1.28,865117.81,6180930.487000001,72.12,-0.4833333333333334,-0.0621104427898146,0,0,0
72.12,72.16,70.6,72.12,-1.11,-1.54,676186.94,4821543.307,71.01,0.8566666666666668,0.21181398104840832,1,0,1
70.69,71.44,70.05,71.01,-0.63,-0.89,735547.22,5203043.803,70.38,1.1866666666666668,0.23787963195275263,1,0,0
70.21,71.93,70.21,70.38,0.29,0.41,679116.99,4819171.12,70.67,1.4133333333333333,-0.032226669209350994,1,0,-1
70.91,73.63,70.71,70.67,2.91,4.12,1270583.05,9235563.922,73.58,0.1466666666666667,0.1618786833275455,0,0,0
73.49,74.59,73.08,73.58,0.36,0.49,939382.88,6929166.001,73.94,0.07333333333333332,-0.08473072909997512,0,0,-1
73.64,75.58,73.21,73.94,0.97,1.31,934707.66,6973083.823,74.91,-0.3233333333333333,-0.0059976821399581465,0,0,1
74.8,75.2,73.63,74.91,-0.89,-1.19,719526.58,5340481.047,74.02,-1.2233333333333334,0.14050693154401622,-1,0,0
74.06,76.17,73.37,74.02,0.14,0.19,1109978.96,8271645.257,74.16,-1.1900000000000002,0.1142461879567023,-1,0,0
74.11,74.56,72.88,74.16,-0.22,-0.3,832289.5,6125332.824,73.94,-1.3199999999999998,0.047798812927307976,-1,0,0
73.45,73.45,70.02,73.94,-3.59,-4.86,1506834.45,10782720.389,70.35,0.7466666666666666,0.058220748122509755,1,0,0
70.3,71.42,69.67,70.35,0.24,0.34,1130886.42,7984386.864,70.59,0.12666666666666662,-0.007437280939217198,0,0,1
71.09,71.53,69.5,70.59,-0.61,-0.86,1040018.01,7316476.634,69.98,0.3999999999999999,-0.16579866200783225,0,0,0
70.21,72.8,70.18,69.98,2.61,3.73,1236163.17,8873521.553,72.59,-0.5666666666666668,0.18408311119668844,0,0,0
73.4,73.9,70.11,72.59,-1.62,-2.23,1794054.92,12887286.352,70.97,-0.32,-0.1294880706145219,0,0,0
71.02,72.2,70.55,70.97,0.21,0.3,1061157.84,7558632.047,71.18,0.23000000000000007,-0.11519449545637162,0,0,1
71.59,71.88,70.45,71.18,-0.29,-0.41,772075.81,5478422.385,70.89,0.27666666666666667,0.08648112208821418,0,0,1
70.79,70.79,69.32,70.89,-0.88,-1.24,1228729.53,8582728.348,70.01,0.88,-0.4328879610572229,1,-1,-1
70.3,72.08,70.03,70.01,1.86,2.66,1239491.15,8846740.743999999,71.87,0.8466666666666667,0.129038929945494,1,0,1
71.6,71.87,70.71,71.87,-0.15,-0.21,828123.01,5908131.847,71.72,1.9766666666666666,-0.030325549683243663,1,0,0
71.05,73.12,71.0,71.72,0.93,1.3,1096288.95,7942591.596,72.65,1.72,0.08778555322232082,1,0,0
72.66,74.5,72.33,72.65,1.76,2.42,1282662.94,9412700.286,74.41,0.9766666666666669,0.01669345280701128,1,0,0
75.35,78.5,75.35,74.41,3.24,4.35,2006598.66,15506926.306,77.65,-0.013333333333333308,-0.05468393116669031,0,0,0
77.68,79.48,77.2,77.65,0.16,0.21,1501643.17,11730259.422,77.81,-0.07333333333333332,0.787663518485788,0,1,1
78.1,79.35,76.5,77.81,-0.47,-0.6,1413574.16,11007901.752999999,77.34,0.4666666666666666,0.5396839296837941,0,1,0
78.56,80.11,77.08,77.34,0.27,0.35,2074471.38,16276293.928,77.61,0.3833333333333333,0.23361576061155664,0,0,-1
78.3,79.06,76.89,77.61,-0.02,-0.03,1553809.12,12121952.907,77.59,-0.3833333333333333,0.7641774006211975,0,1,-1
77.11,79.2,77.05,77.59,1.15,1.48,1215882.86,9519920.005,78.74,-1.15,0.3452185597985078,-1,1,-1
80.3,81.28,78.29,78.74,0.02,0.03,1919898.4,15307309.842,78.76,-0.8866666666666666,0.34613966866279633,-1,1,1
79.0,79.44,76.38,78.76,-2.32,-2.95,1689141.04,13089919.947,76.44,-1.0266666666666666,0.41756079424561426,-1,1,0
75.93,75.99,74.8,76.44,-1.15,-1.5,1234396.52,9292249.846,75.29,-0.6366666666666667,-0.3642902117593727,0,-1,0
75.3,76.85,75.21,75.29,0.81,1.08,1125546.5,8558720.967,76.1,-0.3400000000000001,0.3034849244457458,0,1,0
76.66,76.7,72.89,76.1,-2.74,-3.6,1517843.51,11341796.885,73.36,0.7066666666666667,0.2013341166294462,1,0,1
72.9,74.36,72.8,73.36,0.02,0.03,867816.93,6389286.977000001,73.38,0.8766666666666666,-0.0757922114196325,1,0,1
72.65,75.15,72.52,73.38,1.7,2.32,934726.29,6959739.461,75.08,0.21000000000000005,-0.07648855638003715,0,0,0
75.0,75.6,74.05,75.08,0.4,0.53,1415762.91,10624480.475,75.48,-0.57,0.6628705704300075,0,1,1
74.87,76.38,74.13,75.48,0.53,0.7,1007583.37,7592895.872,76.01,-1.5433333333333332,0.1389296987000475,-1,0,1
74.4,75.95,74.3,76.01,-0.3,-0.39,948054.42,7124096.933999999,75.71,-2.24,0.0951336616228802,-1,0,-1
73.85,74.7,72.5,75.71,-1.94,-2.56,2049666.83,15035748.670999998,73.77,-3.1133333333333333,-0.15465038779658885,-1,0,0
74.6,74.65,70.5,73.77,-2.39,-3.24,1747840.83,12632931.015999999,71.38,-2.1399999999999997,0.2588935232143686,-1,1,1
70.61,71.5,68.37,71.38,-2.39,-3.35,1530108.9,10664335.041000001,68.99,-0.6566666666666664,-0.01256623481610817,0,0,-1
66.5,66.97,62.2,68.99,-4.56,-6.61,2492029.78,16087878.594,64.43,1.4866666666666666,0.36644994060735636,1,1,0
64.66,65.65,64.0,64.43,0.53,0.82,1029611.77,6677189.824,64.96,1.6033333333333335,0.6609658557438488,1,1,0
66.2,68.35,66.06,64.96,2.06,3.17,1147957.2,7736172.612000001,67.02,1.2066666666666668,0.2801004961708126,1,1,1
67.5,69.19,67.2,67.02,1.87,2.79,646501.88,4399687.785,68.89,0.6366666666666666,0.05082872971909592,0,0,0
70.23,70.42,69.23,68.89,0.88,1.28,783649.99,5477772.497,69.77,0.013333333333333345,0.030956046622782625,0,0,1
70.25,71.46,69.83,69.77,0.87,1.25,556011.07,3929000.289,70.64,-0.96,0.018443976304281726,-1,0,1
70.99,71.58,69.6,70.64,0.16,0.23,693840.92,4900094.21,70.8,-0.6233333333333334,-0.007826613067423369,0,0,-1
71.02,71.19,69.47,70.8,-0.99,-1.4,780994.82,5485814.9120000005,69.81,-0.71,0.22283087869675544,0,0,0
69.2,69.24,67.7,69.81,-2.05,-2.94,782170.46,5354288.636,67.76,0.03999999999999998,0.3364561220677994,0,1,0
67.18,69.38,66.88,67.76,1.17,1.73,663296.17,4535163.8319999995,68.93,0.12999999999999998,0.11544108786580412,0,0,0
68.0,68.66,67.45,68.93,-1.25,-1.81,581439.32,3950841.316,67.68,0.36666666666666664,0.308499114074327,0,1,-1
67.66,68.59,67.0,67.68,0.2,0.3,609823.8,4123448.692,67.88,0.8866666666666667,0.19528696956317385,1,0,-1
68.4,69.39,67.4,67.88,1.44,2.12,657077.23,4498428.233,69.32,0.5233333333333333,0.06718696954059293,0,0,0
68.98,70.18,68.18,69.32,-0.54,-0.78,590555.01,4086838.91,68.78,0.7799999999999999,0.35263562695293815,1,1,1
69.06,70.84,68.76,68.78,1.76,2.56,692681.65,4847200.944,70.54,-0.37333333333333335,0.019402896819609848,0,0,1
71.0,71.46,70.31,70.54,0.35,0.5,476222.0,3371832.639,70.89,-0.69,0.05715803572608762,0,0,-1
71.6,71.86,70.6,70.89,0.23,0.32,583351.47,4159385.5289999996,71.12,-0.20999999999999996,0.02245016960795398,0,0,-1
71.2,71.35,69.18,71.12,-1.7,-2.39,609492.27,4270300.75,69.42,0.3633333333333333,0.21753755291727028,0,0,0
68.85,69.2,68.26,69.42,-0.6,-0.86,514760.79,3538649.61,68.82,1.6633333333333333,0.3512832890955215,1,1,0
68.41,70.7,68.4,68.82,1.67,2.43,627110.86,4389005.513,70.49,1.2,0.037620241762868004,1,0,-1
70.7,71.95,70.45,70.49,0.02,0.03,701326.23,4999966.473999999,70.51,1.1033333333333333,0.024594111159788986,1,0,0
70.89,73.88,70.48,70.51,3.3,4.68,924499.82,6687346.253,73.81,-0.31,0.11027007215206974,0,0,0
73.1,74.19,72.7,73.81,0.28,0.38,659778.35,4847776.967,74.09,-1.2633333333333334,-0.03087473810432801,-1,0,-1
76.7,76.71,73.03,74.09,-0.27,-0.36,1367485.93,10277152.012,73.82,-1.8466666666666667,0.3465796188804403,-1,1,1
73.51,74.17,71.68,73.82,-0.94,-1.27,902877.52,6578006.315,72.88,-1.5733333333333333,-0.041319807617904485,-1,0,1
70.0,70.77,69.42,72.88,-2.58,-3.54,1486954.92,10435410.981,70.3,-1.6333333333333335,-0.02655381449583634,-1,0,0
69.2,69.97,66.98,70.3,-2.02,-2.87,1380985.19,9441425.605,68.28,-0.63,-0.02668841003138027,0,0,0
69.58,69.66,67.5,68.28,-0.12,-0.18,1039920.27,7111483.067000001,68.16,-0.9499999999999998,-0.022021392028898093,-1,0,1
67.0,67.68,64.88,68.16,-2.76,-4.05,1420787.82,9380984.826,65.4,-0.2466666666666667,-0.03038501365225134,0,0,1
65.42,67.28,63.51,65.4,0.99,1.51,1462545.73,9514381.379,66.39,-0.6266666666666666,0.8575240285929387,0,1,1
66.01,66.27,64.8,66.39,-1.08,-1.63,842022.51,5499095.857999999,65.31,-0.25333333333333335,0.3838171978069035,0,1,-1
64.25,66.25,64.22,65.31,-0.65,-1.0,805559.09,5242356.77,64.66,0.4333333333333333,0.4155429442120584,0,1,-1
63.95,64.95,63.84,64.66,-0.15,-0.23,604070.68,3885145.8039999995,64.51,1.2466666666666668,0.31960760529712917,1,1,1
64.9,65.58,63.98,64.51,0.04,0.06,679989.53,4414551.485,64.55,1.04,0.32540915631286704,1,1,0
64.99,65.99,64.05,64.55,1.41,2.18,716142.85,4679345.562,65.96,0.25333333333333335,0.16524658473195977,0,0,-1
65.69,68.4,65.39,65.96,2.29,3.47,905139.72,6064986.129,68.25,-0.69,0.10337566747780236,0,0,-1
68.3,68.57,67.48,68.25,-0.58,-0.85,720924.32,4894354.063,67.67,-1.1233333333333333,0.3726142904930757,-1,1,1
67.91,67.97,66.69,67.67,-0.95,-1.4,544502.5,3659539.916,66.72,-1.1966666666666665,0.3669158005711045,-1,1,0
67.43,67.45,66.05,66.72,-0.54,-0.81,466385.74,3114028.9289999995,66.18,-0.89,0.3532984239010637,-1,1,-1
66.01,66.66,63.88,66.18,-1.88,-2.84,809639.57,5244687.54,64.3,0.06000000000000002,0.28863777098407756,0,1,1
64.44,64.86,62.83,64.3,-1.17,-1.82,831672.88,5312790.696,63.13,0.34,0.3357853421179451,0,1,-1
63.78,63.95,62.6,63.13,0.38,0.6,764845.49,4841197.6680000005,63.51,0.49333333333333335,0.34857517503275853,0,1,0
63.9,64.95,63.66,63.51,0.97,1.53,726473.75,4680959.624,64.48,0.6933333333333334,0.2775807889043401,1,1,0
64.2,64.87,63.51,64.48,-0.33,-0.51,603340.73,3871514.93,64.15,0.45,0.34966203021656506,0,1,-1
64.15,65.16,63.78,64.15,0.84,1.31,544466.66,3516175.405,64.99,-0.6233333333333333,0.1459245772953803,0,0,1
65.4,67.06,65.28,64.99,1.57,2.42,906954.07,6024928.823,66.56,-1.89,0.20733963516739629,-1,0,1
66.04,66.46,65.31,66.56,-1.06,-1.59,477827.61,3141687.1539999996,65.5,-1.3866666666666665,0.30680123241335755,-1,1,-1
65.68,65.89,62.81,65.5,-2.38,-3.63,841553.82,5364614.954,63.12,-0.5599999999999999,0.22593257503152944,0,0,0
63.55,63.73,58.34,63.12,-2.23,-3.53,2602862.57,15747812.239,60.89,-0.05999999999999998,0.11753872423294728,0,0,-1
61.36,61.79,60.75,60.89,0.45,0.74,708908.42,4341690.751,61.34,-0.05000000000000001,0.14121729072787975,0,0,-1
60.88,61.58,59.9,61.34,0.1,0.16,629125.38,3831120.277,61.44,0.5466666666666666,0.07356155604126632,0,0,0
61.33,61.64,60.64,61.44,-0.73,-1.19,441586.75,2694568.405,60.71,0.7466666666666667,0.12085791907215904,1,0,1
60.55,61.47,59.71,60.71,0.48,0.79,829447.83,5035372.512,61.19,0.6633333333333332,0.2797903922292231,0,1,0
61.36,63.88,61.24,61.19,1.89,3.09,1174720.62,7388303.87,63.08,0.006666666666666668,0.32488751049367526,0,1,1
63.1,63.4,62.52,63.08,-0.13,-0.21,484431.0,3048008.852,62.95,0.3833333333333333,0.18240443240706097,0,0,1
63.3,63.75,62.61,62.95,0.23,0.37,498178.32,3143778.292,63.18,0.26333333333333336,0.11967093166781714,0,0,-1
63.58,63.66,62.81,63.18,-0.08,-0.13,452105.51,2859210.137,63.1,-0.09666666666666664,0.16829028819098996,0,0,1
63.7,64.58,63.5,63.1,1.0,1.58,683709.16,4387898.493,64.1,-0.7000000000000001,0.2223272379889036,0,0,1
64.5,64.59,63.4,64.1,-0.13,-0.2,529529.16,3376776.3210000005,63.97,-0.31,0.26648646834808914,0,1,1
63.68,63.92,62.63,63.97,-1.16,-1.81,559514.39,3539081.1539999996,62.81,0.2833333333333333,0.25158277399056017,0,0,-1
63.09,63.19,61.94,62.81,-0.81,-1.29,477782.23,2981258.0930000003,62.0,0.3366666666666667,0.22851451905486028,0,0,0
61.88,63.12,61.59,62.0,1.04,1.68,566253.26,3532704.058,63.04,-0.4266666666666667,0.035000098407750535,0,0,1
63.55,64.15,63.27,63.04,0.62,0.98,705065.71,4492367.179,63.66,-0.8133333333333334,0.28377967881142,0,1,1
63.58,63.84,62.5,63.66,-0.65,-1.02,437692.14,2757950.4080000003,63.01,-0.49333333333333335,0.24728829875539357,0,0,0
62.95,62.95,61.67,63.01,-1.25,-1.98,569154.52,3531232.659,61.76,0.24666666666666667,0.19123748963928341,0,0,0
61.96,62.27,61.16,61.76,-0.54,-0.87,441513.27,2725820.768,61.22,0.3866666666666667,0.13937822034880912,0,0,1
61.38,62.18,61.34,61.22,0.31,0.51,353929.69,2183913.985,61.53,-0.29333333333333333,-0.14191674866307555,0,0,0
61.8,62.88,61.55,61.53,0.97,1.58,458948.75,2861428.758,62.5,-0.12333333333333336,-0.07392521346147629,0,0,1
62.32,62.66,61.3,62.5,-0.12,-0.19,636474.46,3944873.8030000003,62.38,-0.24666666666666667,0.21963401132088348,0,0,-1
61.31,61.7,60.58,62.38,-1.73,-2.77,490836.64,2998177.225,60.65,0.96,0.008237262386100735,1,0,0
61.11,62.18,60.71,60.65,1.48,2.44,665388.31,4096852.001,62.13,0.8166666666666668,0.06369175960261533,1,0,-1
61.91,62.19,61.28,62.13,-0.49,-0.79,408007.64,2516195.954,61.64,0.7233333333333333,0.12659871987618043,1,0,1
62.1,63.71,61.9,61.64,1.89,3.07,858897.4,5418564.799,63.53,0.30333333333333334,0.13932278807279247,0,0,-1
63.59,65.0,63.21,63.53,1.05,1.65,885172.55,5683935.967,64.58,-0.33,0.433937099281868,0,1,0
64.43,64.45,63.71,64.58,-0.77,-1.19,490220.28,3140622.7819999997,63.81,0.14,0.31459717711586366,0,1,-1
63.27,64.54,63.02,62.61,0.63,1.01,746266.79,4763077.383,63.24,0.22,0.32575631057087917,0,1,-1
62.97,63.24,61.95,63.24,-0.85,-1.34,579391.37,3617103.478,62.39,0.45333333333333337,0.28430473313974636,0,1,0
62.25,63.2,61.85,62.39,0.64,1.03,512803.13,3204236.377,63.03,0.47,0.01909029059398062,0,0,0
63.2,64.25,62.82,63.03,0.87,1.38,763559.25,4866437.06,63.9,0.24333333333333332,0.3228697888217541,0,1,1
63.8,63.91,63.35,63.9,-0.15,-0.23,459053.26,2922589.416,63.75,-0.5533333333333333,0.2146887556092116,0,0,-1
63.58,65.35,63.45,63.75,0.69,1.08,798484.71,5164445.267,64.44,-0.8633333333333333,0.4075542530085826,-1,1,-1
64.1,65.16,64.02,64.44,0.19,0.29,666582.72,4315505.697,64.63,-1.18,0.3004514082373469,-1,1,0
63.8,64.2,61.8,64.63,-2.54,-3.93,1278263.6,8087342.652000001,62.09,-0.34,0.16510791425863316,0,0,0
61.9,62.54,60.78,62.09,-0.24,-0.39,743195.22,4589333.023,61.85,-0.6866666666666666,0.26997760518367897,0,1,0
61.86,62.56,61.0,61.85,-0.76,-1.23,605493.96,3743256.874,61.09,-0.6166666666666667,0.23422936332140634,0,0,1
60.6,61.5,60.6,61.09,-0.02,-0.03,465376.39,2837582.693,61.07,-1.1900000000000002,-0.034946051055498605,-1,0,1
61.28,61.35,59.6,61.07,-1.28,-2.1,607496.72,3673033.33,59.79,-0.9866666666666667,0.10219538931851258,-1,0,-1
59.1,59.61,57.8,59.79,-0.55,-0.92,717927.64,4222114.929,59.24,-0.22000000000000006,0.09117049127793536,0,0,0
59.1,59.45,57.44,59.24,-1.74,-2.94,697084.1,4051818.403,57.5,-0.7599999999999999,-0.1023305291448188,0,0,-1
57.11,57.95,56.53,57.5,-0.67,-1.17,735991.24,4196752.214,56.83,-0.16333333333333325,0.013928827560638254,0,0,1
57.12,58.63,57.1,56.83,1.75,3.08,645112.04,3729377.8,58.58,-1.0199999999999998,-0.08698781986451809,-1,0,1
58.28,58.28,54.65,58.58,-3.36,-5.74,900189.16,5082587.156,55.22,0.10333333333333339,0.11058695118513814,0,0,0
55.6,56.56,54.33,55.22,1.12,2.03,949167.01,5276896.813,56.34,0.19999999999999998,0.19228854992380326,0,0,-1
56.23,56.88,55.37,56.34,-0.82,-1.46,519493.68,2909529.8510000003,55.52,1.1199999999999999,-0.1093016885272092,1,0,0
55.7,56.27,55.18,55.52,0.01,0.02,548434.32,3054478.672,55.53,0.8833333333333332,-0.3806912771100448,1,-1,1
55.98,57.65,55.54,55.53,1.41,2.54,824311.19,4674671.786,56.94,0.04999999999999997,-0.024140028613171917,0,0,0
57.6,58.91,57.2,56.94,1.94,3.41,696043.04,4054246.9639999997,58.88,-0.16666666666666666,-0.07526263852055728,0,0,-1
59.0,59.05,57.55,58.88,-0.7,-1.19,555627.43,3233279.752,58.18,0.12,-0.018229315605628682,0,0,-1
56.75,57.51,56.56,58.18,-1.09,-1.87,473781.85,2701645.1939999997,57.09,0.21,-0.05865355229200463,0,0,1
57.24,58.89,57.24,57.09,1.29,2.26,647707.63,3777942.008,58.38,-0.11999999999999998,-0.1717031184672452,0,0,-1
58.77,58.92,58.28,58.38,0.16,0.27,393785.46,2307228.865,58.54,-0.24333333333333332,-0.45294720376735426,0,-1,1
58.3,58.78,57.38,58.54,-0.82,-1.4,431942.08,2494024.299,57.72,0.33,-0.07776787745465763,0,0,0
57.9,58.26,57.42,57.72,0.3,0.52,379943.02,2195501.1380000003,58.02,0.94,-0.626616216166331,1,-1,1
58.28,59.11,57.75,58.02,-0.21,-0.36,464485.05,2717273.9189999998,57.81,1.0899999999999999,-0.2596952796231984,1,-1,-1
58.36,59.3,58.35,57.81,0.9,1.56,703699.03,4143173.505,58.71,1.01,-0.133577203823438,1,0,1
58.6,61.61,58.23,58.71,2.13,3.628,1069350.78,6433573.521000001,60.84,0.44,0.11347668122037671,0,0,1
60.35,61.6,60.25,60.84,0.24,0.3945,804573.37,4898411.219,61.08,-0.09333333333333334,0.24296766984083193,0,0,1
61.06,63.0,61.03,61.08,0.66,1.0806,836847.07,5207884.86,61.74,-0.29000000000000004,0.3584025658691962,0,1,-1
62.23,62.24,61.4,61.74,0.42,0.6803,409006.24,2529701.219,62.16,-0.20000000000000004,-0.08902400190750157,0,0,1
62.28,62.48,60.68,62.16,-1.36,-2.1879,482593.31,2960086.715,60.8,0.26666666666666666,0.10122866156708829,0,0,1
60.98,61.33,60.57,60.8,0.07,0.1151,334171.59,2037644.574,60.87,-0.38999999999999996,-0.1442664400210861,0,0,-1
60.9,61.92,60.75,60.87,0.69,1.1336,376370.18,2303730.924,61.56,-1.0999999999999999,-0.24146119644801214,-1,-1,0
61.6,61.89,60.82,61.56,0.04,0.065,260698.59,1600697.2319999998,61.6,-1.26,-0.09158222694006252,-1,0,0
61.8,62.41,59.62,61.6,-1.9,-3.0844,563434.32,3440050.5710000005,59.7,-0.6233333333333333,-0.022570282028755613,0,0,-1
59.41,59.49,57.8,59.7,-1.44,-2.4121,646804.28,3782255.9269999997,58.26,0.43333333333333335,-0.011823016870680096,0,0,1
58.43,58.76,57.78,58.26,-0.44,-0.7552,362083.3,2109021.4390000002,57.82,0.18666666666666668,-0.22536645844727762,0,0,1
57.81,58.86,57.36,57.82,0.01,0.0173,419785.66,2438442.832,57.83,0.93,-0.4245741977072754,1,-1,0
58.11,59.6,57.96,57.83,1.73,2.9915,561861.21,3306492.624,59.56,0.29333333333333345,-0.05954334771477463,0,0,0
59.55,59.7,58.19,59.56,-1.18,-1.9812,412109.11,2426952.929,58.38,0.38999999999999996,-0.010039024880633313,0,0,0
58.38,60.99,58.18,58.38,2.24,3.8369,635433.07,3820214.646,60.62,-0.5233333333333333,-0.007333139343827441,0,0,1
60.56,60.96,59.83,60.62,-0.18,-0.2969,349041.51,2108590.693,60.44,-1.1366666666666667,-0.09654043739396612,-1,0,0
59.8,59.85,58.66,60.44,-0.89,-1.4725,454649.48,2692879.775,59.55,-0.8566666666666666,0.036212953327907874,-1,0,0
59.56,59.72,58.58,59.55,-0.5,-0.8396,308740.67,1824184.784,59.05,-0.8233333333333333,-0.1262170650587607,-1,0,-1
59.03,59.05,56.67,59.05,-2.02,-3.4208,613747.92,3531927.672,57.03,0.26,-0.2018501171474968,0,0,-1
56.38,57.95,55.88,57.03,-0.05,-0.0877,475074.98,2710351.662,56.98,0.8133333333333334,-0.4222689975433807,1,-1,0
57.7,57.82,56.46,56.98,-0.4,-0.7020000000000001,351360.05,2009697.4009999998,56.58,1.45,-0.33103177952556223,1,-1,0
56.94,57.82,56.76,56.58,1.23,2.1739,462142.66,2653996.2369999997,57.81,1.4400000000000002,-0.39818456683470443,1,-1,0
57.86,59.65,57.86,57.81,1.61,2.785,636650.64,3768112.543,59.42,1.0166666666666666,-0.06549873111079438,1,0,-1
61.28,61.5,60.37,59.42,1.51,2.5412,1041857.14,6355540.682,60.93,0.8466666666666667,0.3381798579072483,1,1,0
61.01,62.38,61.01,60.93,1.2,1.9695,756111.3,4682981.908,62.13,0.2566666666666667,0.16958122633258155,0,0,1
61.7,63.33,61.5,62.13,0.34,0.5472,572631.51,3574475.333,62.47,0.18000000000000002,0.08708545414189939,0,0,1
63.08,63.68,62.72,62.47,1.0,1.6008,585793.43,3706028.568,63.47,-0.10333333333333332,0.10208776182214269,0,0,-1
63.8,63.84,62.6,63.47,-0.57,-0.8981,424944.21,2683512.0930000003,62.9,0.026666666666666672,0.23664879845249884,0,0,0
62.68,63.3,62.65,62.9,0.11,0.1749,278926.79,1757300.92,63.01,-0.09333333333333334,0.020074267393535884,0,0,1
63.5,64.05,63.02,63.01,0.15,0.2381,458496.33,2916938.041,63.16,0.5466666666666666,0.12448936088504109,0,0,1
62.4,63.43,62.2,63.16,-0.18,-0.285,521114.0,3273908.6610000003,62.98,-0.06000000000000005,0.20382564164192465,0,0,0
62.6,63.0,62.11,62.98,-0.25,-0.397,323790.59,2027395.425,62.73,-0.26333333333333336,0.10273089318027007,0,0,0
62.85,64.93,62.54,62.73,2.07,3.2999,658378.78,4208358.192,64.8,-0.4666666666666666,0.0851317349802369,0,0,0
64.41,64.64,62.8,64.8,-2.0,-3.0864,507437.18,3235414.305,62.8,-0.05000000000000001,0.10705465843954845,0,0,-1
62.1,62.52,61.01,62.18,-0.86,-1.3831,457426.29,2827435.7060000002,61.32,0.12,0.17247350607283762,0,0,1
61.88,63.5,61.6,61.32,1.46,2.381,494711.65,3105514.558,62.78,-0.7266666666666667,0.01923743882540892,0,0,0
62.6,62.87,61.6,62.78,-0.75,-1.1946,323390.01,2008532.822,62.03,0.1233333333333333,0.14262013390473974,0,0,-1
62.0,62.58,61.25,62.03,-0.35,-0.5642,347070.57,2147831.325,61.68,0.54,0.07783259107246326,0,0,0
61.31,61.46,60.28,61.68,-1.08,-1.751,435460.28,2644081.431,60.6,0.6366666666666667,0.10628629497675388,0,0,0
61.78,62.4,61.01,60.6,1.8,2.9703,538846.97,3328513.24,62.4,0.5733333333333334,0.04521059312615054,0,0,1
62.57,63.76,62.42,62.4,0.9,1.4423,558370.41,3529776.705,63.3,0.6166666666666667,0.07249224898640974,0,0,0
62.3,63.18,62.25,63.3,-0.79,-1.248,269595.87,1686602.295,62.51,0.7633333333333333,0.137470189690396,1,0,-1
62.15,64.3,62.1,62.51,1.61,2.5756,635569.33,4033820.4710000004,64.12,1.1233333333333333,0.09349497167884091,1,0,0
64.09,65.8,63.81,64.12,1.03,1.6064,834705.07,5411874.454,65.15,0.68,0.38077671555290676,0,1,0
65.2,65.56,64.61,65.15,-0.35,-0.5372,418923.78,2721332.7410000004,64.8,1.0533333333333335,0.280305337614067,1,1,0
65.28,67.5,64.97,64.8,2.69,4.1512,810431.09,5386807.332,67.49,-0.09666666666666666,0.10989718855387468,0,0,-1
66.9,67.73,66.48,67.49,-0.3,-0.4445,578103.89,3878568.209,67.19,0.4366666666666667,0.3562259956626153,0,1,0
67.23,69.0,66.83,67.19,0.77,1.146,908525.51,6186718.195,67.96,-1.06,0.31815714123427913,-1,1,0
67.73,67.75,66.86,67.96,-0.76,-1.1183,623574.33,4190581.061,67.2,-0.7333333333333333,0.41578408136604716,0,1,1
67.5,69.1,67.44,67.2,1.3,1.9345,739523.87,5052835.863,68.5,-1.2833333333333334,0.11574369548082808,-1,0,0
66.8,66.84,64.71,68.5,-3.72,-5.4307,1128444.71,7402497.487000001,64.78,-0.9766666666666666,0.0711357829469201,-1,0,0
64.63,65.38,64.33,64.78,0.22,0.3396,486319.08,3155728.0310000004,65.0,-0.37666666666666665,0.19563774116744162,0,0,0
65.09,65.58,64.2,65.0,-0.35,-0.5385,582799.02,3780647.727,64.65,-0.4833333333333332,0.3645812101407638,0,1,-1
62.1,63.2,61.38,64.65,-2.8,-4.331,1145327.45,7141404.125,61.85,0.7166666666666668,0.1575033836701211,1,0,1
62.5,64.25,62.3,61.85,2.02,3.266,774616.71,4901391.148,63.87,0.09666666666666668,0.10118725074988635,0,0,1
63.9,64.44,63.09,63.87,-0.67,-1.0490000000000002,539743.26,3437483.874,63.2,-0.24999999999999997,0.32472078625964523,0,1,1
63.35,65.18,63.33,63.2,0.8,1.2658,584034.99,3761333.74,64.0,0.5399999999999999,0.15746621329493998,0,0,-1
65.17,65.32,62.41,64.0,0.16,0.25,761401.92,4861851.848999999,64.16,1.2566666666666666,0.35292440147191584,1,1,1
63.49,63.52,62.25,64.16,-1.71,-2.6652,603019.84,3788520.1289999997,62.45,1.0200000000000002,0.1348291582234215,1,0,1
61.99,66.1,61.88,62.45,3.17,5.0761,1138815.16,7314843.217999999,65.62,0.21000000000000005,0.14542324555661873,0,0,1
66.01,69.42,65.62,65.62,2.31,3.5203,1616881.74,10961620.26,67.93,-0.42333333333333334,0.459983386351546,0,1,-1
68.0,68.32,64.88,67.93,-2.42,-3.5625,1172134.46,7814653.832,65.51,0.009999999999999934,0.21358921193066638,0,0,1
65.78,67.85,65.56,65.51,0.74,1.1296,810632.05,5398315.0139999995,66.25,-1.4166666666666667,0.3612662553248524,-1,1,0
64.2,66.66,64.2,66.25,0.41,0.6189,736202.53,4816111.1219999995,66.66,-1.2866666666666668,0.32770641388742033,-1,1,-1
66.3,66.77,64.38,66.66,-1.12,-1.6802,797411.04,5212551.961,65.54,-0.6366666666666667,0.3872481576376562,0,1,1
65.87,65.99,61.9,65.54,-3.54,-5.4013,1216419.42,7666491.234,62.0,0.7666666666666666,0.09238424086656374,1,0,-1
60.0,64.63,59.5,62.0,0.8,1.2903,1269208.29,7969650.42,62.8,1.5166666666666666,0.8613123719665435,1,1,-1
63.01,63.95,62.16,62.8,0.83,1.3217,782835.25,4948893.033,63.63,0.9833333333333333,0.340720035268417,1,1,0
64.22,65.5,64.08,63.63,0.67,1.053,689871.09,4463737.106000001,64.3,0.8333333333333334,0.2873161184400312,1,1,0
66.92,67.35,65.55,64.3,3.05,4.7434,1173949.37,7821171.766,67.35,-0.41,0.19982279045610052,0,0,1
66.5,67.05,65.7,67.35,-0.77,-1.1433,547131.86,3634382.539,66.58,-0.09333333333333337,0.39809523267909175,0,1,0
66.2,66.8,65.8,66.58,0.22,0.3304,385081.85,2553280.683,66.8,-0.7266666666666666,0.17498470317627227,0,0,0
66.89,67.34,65.9,66.8,-0.68,-1.018,510658.43,3393066.441,66.12,-0.48666666666666664,0.3824289891377626,0,1,0
66.93,67.17,66.0,66.12,0.18,0.2722,504946.17,3364558.9439999997,66.3,-0.43,0.22125749097330108,0,0,1
65.75,65.98,64.38,66.3,-1.68,-2.5339,544689.7,3544347.557,64.62,-0.22333333333333338,0.2003735587886068,0,0,1
64.4,65.14,63.75,64.62,0.04,0.0619,458511.64,2956910.272,64.66,0.1466666666666666,0.20726657312284497,0,0,1
63.78,65.57,63.5,64.66,0.35,0.5413,520997.95,3362080.7430000002,65.01,0.07999999999999995,0.18560678864918728,0,0,-1
65.05,65.09,63.6,65.01,-1.06,-1.6305,573814.07,3680152.361,63.95,-1.06,0.32350825402521594,-1,1,1
64.0,65.14,63.77,63.95,1.15,1.7983,500579.86,3231462.6760000004,65.1,1.15,0.09501479087978046,1,0,1
65.0,66.39,64.69,65.1,0.15,0.2304,619879.08,4063786.057,65.25,0.15,0.28426560820132246,0,1,1
