,ts_code,trade_date,open,high,low,close,pre_close,change,pct_chg,vol,amount,ave_change,pred_ave_change,real_trend,pred_trend
2066,601318.SH,20161011,34.62,34.75,34.25,34.38,34.6,-0.22,-0.64,493752.18,1701605.543,-0.09000000000000001,-0.0485567168394724,1,1
2067,601318.SH,20161012,34.26,34.44,34.2,34.3,34.38,-0.08,-0.23,308540.74,1058073.37,-0.12,-0.039556713501612294,0,0
2068,601318.SH,20161013,34.22,34.32,34.01,34.12,34.3,-0.18,-0.52,345467.45,1179218.576,0.02666666666666666,-0.033010490338007556,0,0
2069,601318.SH,20161014,34.13,34.18,34.05,34.11,34.12,-0.01,-0.03,231560.48,789617.892,0.003333333333333332,0.05903034647305811,0,0
2070,601318.SH,20161017,34.12,34.18,33.88,33.94,34.11,-0.17,-0.5,309214.43,1051714.363,0.06666666666666667,0.10558534701665247,0,0
2071,601318.SH,20161018,33.88,34.29,33.88,34.2,33.94,0.26,0.77,283360.27,967199.042,0.006666666666666668,0.02872652252515162,0,0
2072,601318.SH,20161019,34.24,34.27,34.1,34.12,34.2,-0.08,-0.23,205152.0,700734.0959999999,0.12333333333333334,0.06533396085103357,0,0
2073,601318.SH,20161020,34.16,34.24,34.11,34.14,34.12,0.02,0.06,127682.81,436313.66,0.1366666666666667,0.11590374549229944,0,0
2074,601318.SH,20161021,34.12,34.28,34.05,34.22,34.14,0.08,0.23,280031.63,955961.7,0.06666666666666667,0.11702167232831323,0,0
2075,601318.SH,20161024,34.22,34.79,34.15,34.49,34.22,0.27,0.79,420909.49,1451824.779,-0.10000000000000002,0.02644371231396998,0,0
2076,601318.SH,20161025,34.56,34.62,34.4,34.55,34.49,0.06,0.17,239719.61,826719.816,-0.006666666666666654,-0.0541565851370493,0,0
2077,601318.SH,20161026,34.56,34.64,34.39,34.42,34.55,-0.13,-0.38,197377.03,680587.63,0.06333333333333334,0.03540458520253504,0,0
2078,601318.SH,20161027,34.42,34.43,34.1,34.19,34.42,-0.23,-0.67,217643.26,744556.017,0.29000000000000004,0.13689211448033656,0,0
2079,601318.SH,20161028,34.4,34.73,34.36,34.53,34.19,0.34,0.99,325149.38,1123315.9409999999,0.026666666666666672,0.20881990035374964,0,0
2080,601318.SH,20161031,34.4,34.65,34.2,34.61,34.53,0.08,0.23,234352.96,808674.4190000001,0.12,0.059988741477330576,0,0
2081,601318.SH,20161101,34.63,35.1,34.5,35.06,34.61,0.45,1.3,367191.26,1282156.408,-0.04333333333333334,0.002332733472188364,0,0
2082,601318.SH,20161102,34.89,34.98,34.54,34.61,35.06,-0.45,-1.28,256760.31,892639.555,0.12666666666666668,0.10610728700955713,0,0
2083,601318.SH,20161103,34.59,35.09,34.52,34.97,34.61,0.36,1.04,405144.35,1412764.0119999999,0.01,0.03123448332150782,0,0
2084,601318.SH,20161104,34.88,35.16,34.87,34.93,34.97,-0.04,-0.11,264479.74,925529.772,-0.07333333333333332,0.044091544946034796,0,0
2085,601318.SH,20161107,34.98,35.05,34.88,34.99,34.93,0.06,0.17,215166.92,752624.552,-0.016666666666666653,-0.04816842238108312,0,0
2086,601318.SH,20161108,35.11,35.18,34.88,35.0,34.99,0.01,0.03,286831.68,1005144.719,-0.0033333333333333223,0.007359491189320932,0,0
2087,601318.SH,20161109,35.0,35.01,34.33,34.71,35.0,-0.29,-0.83,688345.5,2389583.0840000003,0.08,0.1083943112691244,0,0
2088,601318.SH,20161110,34.92,35.2,34.85,34.94,34.71,0.23,0.66,352803.34,1235297.8159999999,0.006666666666666668,0.0762603863080343,0,0
2089,601318.SH,20161111,34.95,35.24,34.86,34.99,34.94,0.05,0.14,523906.95,1836030.7519999999,0.01,0.0033579512437185155,0,0
2090,601318.SH,20161114,34.92,35.13,34.88,34.95,34.99,-0.04,-0.11,683571.66,2393598.9159999997,0.016666666666666663,0.038490472634633434,0,0
2091,601318.SH,20161115,34.98,35.01,34.9,34.96,34.95,0.01,0.03,286904.03,1002698.055,0.016666666666666666,0.0737542315324148,0,0
2092,601318.SH,20161116,35.0,35.1,34.91,35.02,34.96,0.06,0.17,243869.97,853899.3759999999,0.29333333333333333,0.013415680726369271,0,0
2093,601318.SH,20161117,34.99,35.02,34.8,35.0,35.02,-0.02,-0.06,238715.63,835013.724,0.37333333333333335,0.2632347031434377,1,0
2094,601318.SH,20161118,35.0,35.06,34.94,35.01,35.0,0.01,0.03,320696.91,1122418.018,0.32333333333333336,0.3932754202683767,1,1
2095,601318.SH,20161121,34.95,36.35,34.95,35.9,35.01,0.89,2.54,1089035.6,3918207.061,0.17333333333333334,0.11163672049840295,0,0
2096,601318.SH,20161122,35.81,36.44,35.81,36.12,35.9,0.22,0.61,737021.79,2668070.7709999997,0.21999999999999997,0.15826335986455287,0,0
2097,601318.SH,20161123,36.22,36.35,35.96,35.98,36.12,-0.14,-0.39,440133.12,1589604.8390000002,0.21,0.25389998396237695,0,0
2098,601318.SH,20161124,35.98,36.63,35.98,36.42,35.98,0.44,1.22,520764.53,1891778.69,0.11666666666666665,0.03624859889348353,0,0
2099,601318.SH,20161125,36.42,36.8,36.17,36.78,36.42,0.36,0.99,458330.79,1670622.6819999998,-0.15,0.058061115344365484,0,0
2100,601318.SH,20161128,37.01,37.37,36.54,36.61,36.78,-0.17,-0.46,688978.51,2545372.847,-0.06333333333333334,-0.013318844238916982,0,0
2101,601318.SH,20161129,36.61,37.3,36.45,36.77,36.61,0.16,0.44,665386.24,2455023.676,-0.16666666666666666,-0.07603893438975011,0,0
2102,601318.SH,20161130,36.81,37.09,36.23,36.33,36.77,-0.44,-1.2,508039.84,1860542.541,-0.02333333333333333,0.029737292130788216,0,0
2103,601318.SH,20161201,36.35,36.73,36.24,36.42,36.33,0.09,0.25,474386.09,1728939.2119999998,-0.08333333333333333,-0.004303790728251089,0,0
2104,601318.SH,20161202,36.42,36.43,35.97,36.27,36.42,-0.15,-0.41,633715.07,2290250.433,0.06333333333333334,-0.008133758703867544,0,0
2105,601318.SH,20161205,35.96,36.29,35.87,36.26,36.27,-0.01,-0.03,622095.26,2244795.953,0.08,0.11810588677724207,0,0
2106,601318.SH,20161206,36.19,36.47,36.13,36.17,36.26,-0.09,-0.25,376125.45,1365476.594,0.22999999999999998,0.14240408976872768,0,0
2107,601318.SH,20161207,36.17,36.64,36.07,36.46,36.17,0.29,0.8,310670.29,1127983.993,0.14666666666666664,0.119616924126943,0,0
2108,601318.SH,20161208,36.61,36.73,36.43,36.5,36.46,0.04,0.11,295168.34,1079442.252,0.04999999999999999,0.14663017829259242,0,0
2109,601318.SH,20161209,36.64,37.15,36.48,36.86,36.5,0.36,0.99,487033.47,1793610.602,0.05666666666666667,-0.01565463105837499,0,0
2110,601318.SH,20161212,37.12,37.76,36.7,36.9,36.86,0.04,0.11,1069343.94,3969638.952,-0.4333333333333333,0.07684854706128443,-1,0
2111,601318.SH,20161213,36.8,36.94,36.54,36.65,36.9,-0.25,-0.68,395597.41,1452198.3169999998,-0.38999999999999996,-0.24162514964739476,-1,0
2112,601318.SH,20161214,36.63,37.5,36.61,37.03,36.65,0.38,1.04,586449.85,2176302.8540000003,-0.5433333333333333,-0.435444887081782,-1,-1
2113,601318.SH,20161215,36.78,36.89,35.43,35.6,37.03,-1.43,-3.86,786083.4,2830157.187,-0.3133333333333333,-0.09873038093248998,-1,0
2114,601318.SH,20161216,35.46,35.77,35.4,35.48,35.6,-0.12,-0.34,340994.43,1212632.676,-0.24666666666666667,-0.12579661170641576,0,0
2115,601318.SH,20161219,35.48,35.6,35.31,35.4,35.48,-0.08,-0.23,295596.17,1047994.448,-0.21,-0.16784559051195774,0,0
2116,601318.SH,20161220,35.42,35.45,34.45,34.66,35.4,-0.74,-2.09,626950.62,2184834.5609999998,0.023333333333333334,0.016632805665334115,0,0
2117,601318.SH,20161221,34.85,35.05,34.61,34.74,34.66,0.08,0.23,376259.8,1311462.976,0.12666666666666668,0.08841370185216273,0,0
2118,601318.SH,20161222,34.66,34.93,34.4,34.77,34.74,0.03,0.09,295009.31,1022385.359,0.16333333333333336,0.13860723217328394,0,0
2119,601318.SH,20161223,34.69,34.77,34.4,34.73,34.77,-0.04,-0.12,301921.21,1045239.275,0.18666666666666668,0.14997312267621363,0,0
2120,601318.SH,20161226,34.55,35.16,34.35,35.12,34.73,0.39,1.12,351312.52,1222688.981,0.003333333333333336,0.08266513784726466,0,0
2121,601318.SH,20161227,35.0,35.34,34.98,35.26,35.12,0.14,0.4,217802.73,767053.567,0.056666666666666664,0.029190669854482064,0,0
2122,601318.SH,20161228,35.2,35.32,34.99,35.29,35.26,0.03,0.09,386318.69,1356675.449,0.13,0.055616365273793586,0,0
2123,601318.SH,20161229,35.15,35.29,35.03,35.13,35.29,-0.16,-0.45,290420.37,1021548.13,0.17333333333333334,0.1819270475705465,0,0
2124,601318.SH,20161230,35.27,35.45,35.11,35.43,35.13,0.3,0.85,270763.31,955339.321,0.09999999999999999,0.13525826772054042,0,0
2125,601318.SH,20170103,35.34,36.01,35.32,35.68,35.43,0.25,0.71,296977.99,1062134.997,-0.08,0.05802198489507044,0,0
2126,601318.SH,20170104,35.69,35.79,35.51,35.65,35.68,-0.03,-0.08,252574.05,900817.691,-0.07666666666666665,-0.025458313624064074,0,0
2127,601318.SH,20170105,35.73,35.94,35.68,35.73,35.65,0.08,0.22,286910.33,1027949.5079999999,-0.16666666666666666,-0.061337925593058215,0,0
2128,601318.SH,20170106,35.73,35.89,35.35,35.44,35.73,-0.29,-0.81,362862.27,1290794.307,-0.06999999999999999,-0.059093041817347154,0,0
2129,601318.SH,20170109,35.47,35.55,35.27,35.42,35.44,-0.02,-0.06,270616.97,958713.4659999999,-0.06999999999999999,-0.02866279641787206,0,0
2130,601318.SH,20170110,35.44,35.49,35.2,35.23,35.42,-0.19,-0.54,205350.9,725447.485,0.10999999999999999,0.02107080062230433,0,0
2131,601318.SH,20170111,35.25,35.43,35.1,35.23,35.23,0.0,0.0,209963.49,740408.787,0.32,0.12512769540150964,1,0
2132,601318.SH,20170112,35.3,35.42,35.15,35.21,35.23,-0.02,-0.06,187187.03,660770.328,0.25666666666666665,0.3243089063962301,0,1
2133,601318.SH,20170113,35.23,35.9,35.19,35.56,35.21,0.35,0.99,330738.97,1177624.289,0.21666666666666667,0.1684932633241018,0,0
2134,601318.SH,20170116,35.56,36.28,35.21,36.19,35.56,0.63,1.77,1129172.27,4058898.5039999997,-0.04666666666666666,0.03934171040852869,0,0
2135,601318.SH,20170117,36.07,36.34,35.89,35.98,36.19,-0.21,-0.58,349493.14,1261227.196,0.09333333333333334,0.07679617245992029,0,0
2136,601318.SH,20170118,36.07,36.44,36.06,36.21,35.98,0.23,0.64,266869.11,968675.234,-0.003333333333333336,0.015286718209584604,0,0
2137,601318.SH,20170119,36.13,36.37,35.92,36.05,36.21,-0.16,-0.44,199628.34,721764.7540000001,0.043333333333333335,-0.001098705927530874,0,0
2138,601318.SH,20170120,36.05,36.28,36.01,36.26,36.05,0.21,0.58,260332.77,940875.0129999999,0.056666666666666664,0.059198306401570686,0,0
2139,601318.SH,20170123,36.26,36.42,36.04,36.2,36.26,-0.06,-0.17,398001.28,1440993.1930000002,0.10333333333333333,0.13085398515065516,0,0
2140,601318.SH,20170124,36.2,36.33,36.1,36.18,36.2,-0.02,-0.06,268665.6,973085.798,-0.18666666666666668,0.12245057066281641,0,0
2141,601318.SH,20170125,36.2,36.45,36.09,36.43,36.18,0.25,0.69,358922.32,1301946.746,-0.16333333333333336,-0.18747101585070286,0,0
2142,601318.SH,20170126,36.45,36.8,36.44,36.51,36.43,0.08,0.22,277205.42,1014531.003,-0.15000000000000002,-0.15223735729853308,0,0
2143,601318.SH,20170203,36.5,36.5,35.6,35.62,36.51,-0.89,-2.44,489267.54,1754524.97,0.13333333333333333,0.11757672270139063,0,0
2144,601318.SH,20170206,35.74,36.03,35.53,35.94,35.62,0.32,0.9,648914.2,2322670.7180000003,0.056666666666666664,0.05761322220166529,0,0
2145,601318.SH,20170207,36.0,36.24,35.92,36.06,35.94,0.12,0.33,486180.0,1754121.737,0.04666666666666666,0.07855523665746057,0,0
2146,601318.SH,20170208,36.04,36.08,35.7,36.02,36.06,-0.04,-0.11,396288.63,1425349.4430000002,0.09666666666666666,0.08209503730138147,0,0
2147,601318.SH,20170209,36.07,36.37,36.0,36.11,36.02,0.09,0.25,527568.85,1908930.707,-0.003333333333333327,0.0697990461190542,0,0
2148,601318.SH,20170210,36.21,36.34,36.1,36.2,36.11,0.09,0.25,399219.0,1444897.061,0.04,0.013029794295628915,0,0
2149,601318.SH,20170213,36.29,36.41,36.17,36.31,36.2,0.11,0.3,693540.9,2517882.5330000003,-0.0033333333333333305,0.030749867757161507,0,0
2150,601318.SH,20170214,36.4,36.4,35.95,36.1,36.31,-0.21,-0.58,490922.75,1774534.2480000001,0.05333333333333334,0.07331536849339808,0,0
2151,601318.SH,20170215,36.27,36.48,36.21,36.32,36.1,0.22,0.61,672852.26,2442350.202,0.16666666666666666,0.05181107958157862,0,0
2152,601318.SH,20170216,36.42,36.43,36.19,36.3,36.32,-0.02,-0.06,347817.14,1261768.664,0.15666666666666668,0.19588397582372033,0,0
2153,601318.SH,20170217,36.36,36.66,36.2,36.26,36.3,-0.04,-0.11,525503.89,1915834.7619999999,0.18666666666666668,0.18606885512669885,0,0
2154,601318.SH,20170220,36.31,36.89,36.25,36.82,36.26,0.56,1.54,741442.23,2715553.5,-0.09999999999999999,0.048529539903005015,0,0
2155,601318.SH,20170221,36.83,37.18,36.7,36.77,36.82,-0.05,-0.14,548331.69,2024707.04,-0.06999999999999999,-0.010582120815912833,0,0
2156,601318.SH,20170222,36.88,36.92,36.67,36.82,36.77,0.05,0.14,380419.92,1400124.08,-0.16666666666666666,-0.05558755556742345,0,0
2157,601318.SH,20170223,36.77,36.89,36.44,36.52,36.82,-0.3,-0.81,459520.8,1681434.618,-0.09666666666666666,-0.07095257798830663,0,0
2158,601318.SH,20170224,36.53,36.57,36.36,36.56,36.52,0.04,0.11,256833.49,936256.08,-0.13333333333333333,-0.03900647918383275,0,0
2159,601318.SH,20170227,36.51,36.64,36.21,36.32,36.56,-0.24,-0.66,401406.82,1461978.561,-0.15333333333333332,-0.002796967426935781,0,0
2160,601318.SH,20170228,36.32,36.44,36.19,36.23,36.32,-0.09,-0.25,268469.1,973920.0229999999,-0.12666666666666668,-0.08250027457873021,0,0
2161,601318.SH,20170301,36.26,36.32,36.13,36.16,36.23,-0.07,-0.19,355081.77,1286566.4440000001,-0.11,-0.046089090506235705,0,0
2162,601318.SH,20170302,36.34,36.34,35.84,35.86,36.16,-0.3,-0.83,465656.8,1677956.501,0.03333333333333333,0.006780360539754282,0,0
2163,601318.SH,20170303,35.8,35.94,35.71,35.85,35.86,-0.01,-0.03,251354.46,900105.329,-0.010000000000000004,0.06271703680356348,0,0
2164,601318.SH,20170306,35.81,35.94,35.75,35.83,35.85,-0.02,-0.06,286717.14,1027741.3670000001,-0.01666666666666667,0.01425247033437098,0,0
2165,601318.SH,20170307,35.83,35.97,35.8,35.96,35.83,0.13,0.36,237211.19,851204.57,-0.12,-0.02761771241823827,0,0
2166,601318.SH,20170308,35.9,35.92,35.77,35.82,35.96,-0.14,-0.39,222856.84,798679.796,0.049999999999999996,-0.038188351790110216,0,0
2167,601318.SH,20170309,35.77,35.8,35.5,35.78,35.82,-0.04,-0.11,377966.52,1347204.3480000002,0.05333333333333334,0.07861603935559595,0,0
2168,601318.SH,20170310,35.71,35.77,35.58,35.6,35.78,-0.18,-0.5,207446.76,739538.4759999999,0.12,0.12975893457730617,0,0
2169,601318.SH,20170313,35.6,36.04,35.56,35.97,35.6,0.37,1.04,359990.02,1291416.185,0.03333333333333333,0.03696739514668788,0,0
2170,601318.SH,20170314,35.99,36.13,35.81,35.94,35.97,-0.03,-0.08,276964.2,995908.965,-0.06333333333333334,0.07051784237225855,0,0
2171,601318.SH,20170315,35.88,36.0,35.76,35.96,35.94,0.02,0.06,268720.5,964386.172,-0.043333333333333335,-0.02515189210573827,0,0
2172,601318.SH,20170316,36.1,36.24,35.97,36.07,35.96,0.11,0.31,391641.0,1412921.4730000002,0.06666666666666667,-0.055326886574427234,0,0
2173,601318.SH,20170317,36.12,36.22,35.62,35.75,36.07,-0.32,-0.89,542621.54,1951604.325,0.08333333333333333,0.16424610455830896,0,0
2174,601318.SH,20170320,35.76,35.96,35.66,35.83,35.75,0.08,0.22,424589.39,1518417.7319999998,0.24666666666666667,0.10815049846967066,0,0
2175,601318.SH,20170321,36.03,36.29,35.87,36.27,35.83,0.44,1.23,970084.07,3497702.318,0.09333333333333331,0.12555873235066736,0,0
2176,601318.SH,20170322,36.09,36.23,35.81,36.0,36.27,-0.27,-0.74,527906.83,1900860.425,0.24666666666666667,0.2183340175946554,0,0
2177,601318.SH,20170323,36.18,36.93,36.14,36.57,36.0,0.57,1.58,1209059.43,4423299.981000001,0.05333333333333334,0.09607243378957117,0,0
2178,601318.SH,20170324,36.65,37.11,36.2,36.55,36.57,-0.02,-0.05,944016.38,3453351.568,0.07666666666666666,0.08474266370137537,0,0
2179,601318.SH,20170327,36.51,37.28,36.5,36.74,36.55,0.19,0.52,1228601.95,4533273.391,0.003333333333333334,0.07237503369649256,0,0
2180,601318.SH,20170328,36.77,36.97,36.61,36.73,36.74,-0.01,-0.03,523346.9,1923728.61,0.09333333333333334,0.04080157717068995,0,0
2181,601318.SH,20170329,36.89,37.04,36.69,36.78,36.73,0.05,0.14,525226.65,1933615.709,0.10666666666666667,0.09463724931081141,0,0
2182,601318.SH,20170330,36.71,36.79,36.4,36.75,36.78,-0.03,-0.08,492881.3,1804688.804,0.06999999999999999,0.15039031346639,0,0
2183,601318.SH,20170331,36.68,37.14,36.58,37.01,36.75,0.26,0.71,637996.19,2355407.321,-0.1366666666666667,0.06848004897435511,0,0
2184,601318.SH,20170405,37.1,37.3,36.99,37.1,37.01,0.09,0.24,613499.85,2276342.315,-0.21666666666666667,-0.0769557909170786,0,0
2185,601318.SH,20170406,37.11,37.13,36.78,36.96,37.1,-0.14,-0.38,523313.52,1932690.7040000001,-0.25666666666666665,-0.12805594364802036,0,0
2186,601318.SH,20170407,36.94,37.01,36.56,36.6,36.96,-0.36,-0.97,647609.21,2376814.017,-0.19666666666666668,-0.09819760481516515,0,0
2187,601318.SH,20170410,36.56,36.71,36.38,36.45,36.6,-0.15,-0.41,484417.96,1768312.458,-0.18333333333333335,-0.08457599441210424,0,0
2188,601318.SH,20170411,36.45,36.6,35.84,36.19,36.45,-0.26,-0.71,633225.77,2289209.326,-0.09999999999999999,-0.051472838322321524,0,0
2189,601318.SH,20170412,36.17,36.32,34.9,36.01,36.19,-0.18,-0.5,665077.62,2390144.179,0.003333333333333336,0.0037498577435811863,0,0
2190,601318.SH,20170413,35.8,36.09,35.8,35.9,36.01,-0.11,-0.31,387590.46,1393274.811,-0.06666666666666667,0.09813852151234949,0,0
2191,601318.SH,20170414,35.9,36.04,35.66,35.89,35.9,-0.01,-0.03,370915.29,1329735.399,-0.12666666666666668,-0.03141818205515538,0,0
2192,601318.SH,20170417,35.81,36.07,35.67,36.02,35.89,0.13,0.36,376602.99,1351965.562,-0.07333333333333335,-0.1465501979986826,0,0
2193,601318.SH,20170418,36.0,36.09,35.67,35.7,36.02,-0.32,-0.89,355230.28,1274754.66,0.12999999999999998,0.062008474667867075,0,0
2194,601318.SH,20170419,35.68,35.85,35.47,35.51,35.7,-0.19,-0.53,487050.08,1734152.448,0.21999999999999997,0.20668397982915246,0,0
2195,601318.SH,20170420,35.66,35.91,35.56,35.8,35.51,0.29,0.82,416048.1,1486331.4119999998,0.22666666666666666,0.1532426222165426,0,0
2196,601318.SH,20170421,35.81,36.26,35.65,36.09,35.8,0.29,0.81,525203.05,1897448.3930000002,0.47333333333333333,0.17665707906087244,1,0
2197,601318.SH,20170424,36.09,36.26,35.99,36.17,36.09,0.08,0.22,549922.92,1989033.149,0.55,0.43652419884999594,1,1
2198,601318.SH,20170425,36.17,36.56,36.12,36.48,36.17,0.31,0.86,612813.18,2230735.125,0.49333333333333335,0.4445736332734426,1,1
2199,601318.SH,20170426,36.57,37.92,36.47,37.51,36.48,1.03,2.82,1609359.1,6010681.227999999,0.13333333333333333,0.1972788258393606,0,0
2200,601318.SH,20170427,37.49,38.26,37.44,37.82,37.51,0.31,0.83,1250054.58,4732657.328,0.06,0.12328555425008142,0,0
2201,601318.SH,20170428,37.9,38.07,37.61,37.96,37.82,0.14,0.37,678663.87,2568647.819,-0.04666666666666667,0.04713288386662806,0,0
2202,601318.SH,20170502,37.8,38.38,37.8,37.91,37.96,-0.05,-0.13,619325.39,2359210.184,-0.21666666666666667,-0.06673612157503758,0,0
2203,601318.SH,20170503,37.95,38.28,37.82,38.0,37.91,0.09,0.24,505383.86,1920918.7719999999,-0.06999999999999999,-0.1556284622351328,0,0
2204,601318.SH,20170504,37.95,38.1,37.73,37.82,38.0,-0.18,-0.47,548573.55,2080732.8930000002,0.056666666666666664,0.08665042360623683,0,0
2205,601318.SH,20170505,37.7,37.86,37.2,37.26,37.82,-0.56,-1.48,623979.6,2337681.712,0.86,0.24976419647534692,1,0
2206,601318.SH,20170508,37.26,38.12,37.24,37.79,37.26,0.53,1.42,952932.43,3609995.3039999995,0.66,0.6848002775510152,1,1
2207,601318.SH,20170509,37.71,38.08,37.71,37.99,37.79,0.2,0.53,595182.93,2258188.097,0.9866666666666667,0.6476540430386861,1,1
2208,601318.SH,20170510,38.03,40.05,38.01,39.84,37.99,1.85,4.87,1589203.71,6249692.993,0.3533333333333333,0.36517012556393946,1,1
2209,601318.SH,20170511,39.8,40.09,39.56,39.77,39.84,-0.07,-0.18,827794.46,3296766.9110000003,0.43999999999999995,0.3992792352040609,1,1
2210,601318.SH,20170512,39.7,41.3,39.7,40.95,39.77,1.18,2.97,1200171.19,4897614.123,-0.17666666666666667,0.04870231588681544,0,0
2211,601318.SH,20170515,41.22,41.96,40.62,40.9,40.95,-0.05,-0.12,716224.2,2960377.186,-0.09333333333333334,-0.14275695244471226,0,0
2212,601318.SH,20170516,40.9,41.3,40.68,41.09,40.9,0.19,0.46,629862.81,2582208.68,-0.026666666666666672,-0.09128716746966038,0,0
2213,601318.SH,20170517,41.0,41.09,40.19,40.42,41.09,-0.67,-1.63,779106.38,3156764.5130000003,0.8066666666666666,0.23288693269093835,1,0
2214,601318.SH,20170518,40.06,41.08,40.06,40.62,40.42,0.2,0.49,581678.8,2368295.17,0.8500000000000001,0.7487881942590078,1,1
2215,601318.SH,20170519,40.59,41.33,40.59,41.01,40.62,0.39,0.96,420467.64,1727706.874,0.6733333333333333,0.7956586464246114,1,1
2216,601318.SH,20170522,41.03,43.02,41.03,42.84,41.01,1.83,4.46,1025570.92,4349844.018,0.8833333333333333,0.10774655183156336,1,0
2217,601318.SH,20170523,43.0,44.18,42.85,43.17,42.84,0.33,0.77,1060990.37,4628619.016,0.6699999999999999,0.7532629116376242,1,1
2218,601318.SH,20170524,43.0,43.54,41.97,43.03,43.17,-0.14,-0.32,813519.57,3491155.434,0.68,0.602803324063619,1,1
2219,601318.SH,20170525,43.0,45.56,42.95,45.49,43.03,2.46,5.72,1389899.96,6178137.404,0.16,-0.13510965863863622,0,0
2220,601318.SH,20170526,45.4,45.85,44.86,45.18,45.49,-0.31,-0.68,783613.01,3547666.748,-0.07333333333333332,0.33406021436055505,0,1
2221,601318.SH,20170531,45.0,47.13,44.82,45.07,45.18,-0.11,-0.24,1009977.89,4624877.831,-0.13333333333333333,-0.019577910105387317,0,0
2222,601318.SH,20170601,45.4,46.0,44.9,45.97,45.07,0.9,2.0,772361.16,3513398.064,0.020000000000000018,-0.357615627447764,0,-1
2223,601318.SH,20170602,45.89,46.37,44.63,44.96,45.97,-1.01,-2.2,826333.57,3734938.417,0.34,0.3946696682771047,1,1
2224,601318.SH,20170605,44.92,45.15,44.08,44.67,44.96,-0.29,-0.65,780002.74,3468933.93,0.9833333333333334,0.4418314917882284,1,1
2225,601318.SH,20170606,44.6,46.1,44.6,46.03,44.67,1.36,3.04,967169.68,4383686.411,0.7033333333333333,0.5466896577676138,1,1
2226,601318.SH,20170607,46.2,46.88,45.71,45.98,46.03,-0.05,-0.11,788200.64,3645872.262,0.9833333333333334,0.7385600968201955,1,1
2227,601318.SH,20170608,45.9,47.65,45.82,47.62,45.98,1.64,3.57,832171.37,3899227.565,0.2733333333333334,0.3752669854958852,0,1
2228,601318.SH,20170609,47.7,48.77,47.5,48.14,47.62,0.52,1.09,925676.74,4462205.605,-0.31,0.1300599380334219,-1,0
2229,601318.SH,20170612,48.02,49.64,48.02,48.93,48.14,0.79,1.64,859596.8,4199730.273,-0.9166666666666666,-0.49871159950892124,-1,-1
2230,601318.SH,20170613,48.75,49.2,47.9,48.44,48.93,-0.49,-1.0,670461.22,3245558.6010000003,-0.58,-0.674457885424296,-1,-1
2231,601318.SH,20170614,48.63,48.84,47.0,47.21,48.44,-1.23,-2.54,834013.97,3974060.287,0.45,-0.12650035778681432,1,0
2232,601318.SH,20170615,47.19,47.47,45.91,46.18,47.21,-1.03,-2.18,1041983.33,4833899.744,0.64,0.8046080811818441,1,1
2233,601318.SH,20170616,46.1,47.18,46.1,46.7,46.18,0.52,1.13,807231.42,3777604.44,0.9100000000000001,0.5644494636853536,1,1
2234,601318.SH,20170619,46.96,48.63,46.69,48.56,46.7,1.86,3.98,808481.91,3869638.235,0.19333333333333336,0.3242842241128286,0,1
2235,601318.SH,20170620,48.77,48.93,47.67,48.1,48.56,-0.46,-0.95,616355.33,2962329.659,0.54,0.29103478034337366,1,0
2236,601318.SH,20170621,48.3,49.56,47.56,49.43,48.1,1.33,2.77,849757.18,4147969.142,0.09666666666666666,0.07082606991132105,0,0
2237,601318.SH,20170622,49.2,50.47,49.05,49.14,49.43,-0.29,-0.59,1146464.05,5715913.249,0.26,0.12215137322743738,0,0
2238,601318.SH,20170623,49.24,49.9,48.79,49.72,49.14,0.58,1.18,873719.64,4310012.062,-0.37000000000000005,0.05845241983731592,-1,0
2239,601318.SH,20170626,49.99,50.77,49.35,49.72,49.72,0.0,0.0,953192.55,4760578.482,0.08,-0.25921639362970983,0,0
2240,601318.SH,20170627,49.7,49.95,48.93,49.92,49.72,0.2,0.4,780835.85,3855524.441,-0.10333333333333332,0.08523811539014185,0,0
2241,601318.SH,20170628,49.7,49.74,48.55,48.61,49.92,-1.31,-2.62,691322.47,3393564.25,0.10999999999999999,0.28811564882596336,0,0
2242,601318.SH,20170629,48.8,50.05,48.38,49.96,48.61,1.35,2.78,753228.75,3715241.204,-0.68,-0.29709587256113684,-1,0
2243,601318.SH,20170630,49.8,50.2,49.28,49.61,49.96,-0.35,-0.7,598630.98,2974857.809,0.27,-0.41671344200770055,0,-1
2244,601318.SH,20170703,49.8,49.8,48.55,48.94,49.61,-0.67,-1.35,563199.18,2755923.273,0.8166666666666668,0.4646740420659383,1,1
2245,601318.SH,20170704,48.8,48.84,47.91,47.92,48.94,-1.02,-2.08,683920.65,3299813.3819999998,1.03,1.0030807300408682,1,1
2246,601318.SH,20170705,48.0,50.7,48.0,50.42,47.92,2.5,5.22,1272537.22,6293926.168,0.23666666666666666,0.20960130532582605,0,0
2247,601318.SH,20170706,50.42,52.0,50.07,51.39,50.42,0.97,1.92,1137814.8,5793924.187999999,0.13,0.07695931633313502,0,0
2248,601318.SH,20170707,51.15,51.62,50.53,51.01,51.39,-0.38,-0.74,533925.98,2727331.058,0.05000000000000001,0.16068824370702112,0,0
2249,601318.SH,20170710,51.02,51.96,50.69,51.13,51.01,0.12,0.24,570776.01,2938274.374,0.35000000000000003,-0.07772395173708592,1,0
2250,601318.SH,20170711,50.81,52.01,50.61,51.23,50.58,0.65,1.29,699539.63,3600296.755,0.5133333333333333,0.05397228439648951,1,0
2251,601318.SH,20170712,51.36,52.5,50.42,50.61,51.23,-0.62,-1.21,870117.34,4490986.366,1.0966666666666667,0.6936100467046102,1,1
2252,601318.SH,20170713,50.98,51.86,50.83,51.63,50.61,1.02,2.02,665342.98,3418210.961,0.6133333333333332,0.7338626368840535,1,1
2253,601318.SH,20170714,51.69,52.79,51.3,52.77,51.63,1.14,2.21,707791.62,3681295.002,0.35666666666666663,0.3100311084588369,1,1
2254,601318.SH,20170717,53.01,55.09,52.42,53.9,52.77,1.13,2.14,1408791.34,7585579.25,0.036666666666666674,-0.04565143148104345,0,0
2255,601318.SH,20170718,53.6,54.26,52.51,53.47,53.9,-0.43,-0.8,879029.53,4697173.72,-0.5033333333333333,0.16229259212811792,-1,0
2256,601318.SH,20170719,53.68,54.48,53.11,53.84,53.47,0.37,0.69,771180.69,4138848.1089999997,-0.41,-0.5878850773970286,-1,-1
2257,601318.SH,20170720,53.55,54.15,52.82,54.01,53.84,0.17,0.32,659198.74,3528872.923,-0.5666666666666667,-0.4211159185568491,-1,-1
2258,601318.SH,20170721,53.2,53.28,51.9,51.96,54.01,-2.05,-3.8,1294791.93,6811105.692000001,-0.023333333333333317,0.037199769814809214,0,0
2259,601318.SH,20170724,52.08,53.1,51.68,52.61,51.96,0.65,1.25,904595.93,4749136.592,-0.08333333333333333,-0.03067831556002294,0,0
2260,601318.SH,20170725,52.62,53.05,52.18,52.31,52.61,-0.3,-0.57,506834.83,2670578.6119999997,-0.13999999999999999,0.028084181149800668,0,0
2261,601318.SH,20170726,52.1,52.5,51.28,51.89,52.31,-0.42,-0.8,657610.87,3403982.4680000003,0.043333333333333335,-0.07446408430735264,0,0
2262,601318.SH,20170727,51.85,52.74,51.09,52.36,51.89,0.47,0.91,667132.94,3456657.893,0.8300000000000001,-0.03856942216555272,1,0
2263,601318.SH,20170728,52.2,52.46,51.8,51.89,52.36,-0.47,-0.9,491294.73,2557067.863,0.7166666666666667,0.9055176838239034,1,1
2264,601318.SH,20170731,51.88,52.64,51.41,52.02,51.89,0.13,0.25,616005.07,3210189.249,0.3,0.5401717289288839,1,1
2265,601318.SH,20170801,52.2,54.9,52.2,54.85,52.02,2.83,5.44,1147936.61,6170850.61,-0.9700000000000001,-0.5645843998591105,-1,-1
2266,601318.SH,20170802,54.81,54.82,53.88,54.04,54.85,-0.81,-1.48,723817.45,3925861.501,-0.5733333333333334,-0.5004393593470254,-1,-1
2267,601318.SH,20170803,54.04,54.48,52.88,52.92,54.04,-1.12,-2.07,565311.64,3036337.5439999998,-0.15666666666666665,-0.2505818084875742,0,0
2268,601318.SH,20170804,52.99,53.19,51.85,51.94,52.92,-0.98,-1.85,666087.38,3494563.811,0.04,0.02212491472562159,0,0
2269,601318.SH,20170807,51.91,52.84,51.53,52.32,51.94,0.38,0.73,523852.17,2738587.9439999997,-0.53,-0.04608608047167455,-1,0
2270,601318.SH,20170808,52.3,52.56,51.91,52.45,52.32,0.13,0.25,367322.51,1917168.051,-0.9566666666666667,-0.4619392112890879,-1,-1
2271,601318.SH,20170809,52.35,52.84,52.0,52.06,52.45,-0.39,-0.74,410734.11,2149503.758,-0.5233333333333333,-0.7335436598459879,-1,-1
2272,601318.SH,20170810,52.07,52.45,50.51,50.73,52.06,-1.33,-2.55,846423.15,4333370.708000001,0.0566666666666667,-0.05390675226847325,0,0
2273,601318.SH,20170811,50.2,50.73,49.53,49.58,50.73,-1.15,-2.27,828145.63,4147670.9280000003,0.5433333333333333,0.31491880257924404,1,1
2274,601318.SH,20170814,49.99,51.0,49.64,50.49,49.58,0.91,1.84,791494.96,3992982.202,0.20333333333333334,0.23399041136105858,0,0
2275,601318.SH,20170815,50.8,51.56,50.6,50.9,50.49,0.41,0.81,680849.53,3482968.11,0.7566666666666667,0.05548392375310267,1,0
2276,601318.SH,20170816,50.85,51.29,50.53,51.21,50.9,0.31,0.61,340851.06,1735515.8530000001,0.6066666666666666,0.6107799156506857,1,1
2277,601318.SH,20170817,51.47,51.83,50.87,51.1,51.21,-0.11,-0.21,374711.48,1922044.261,1.3666666666666665,0.5100527211030325,1,1
2278,601318.SH,20170818,52.4,53.86,51.62,53.17,51.1,2.07,4.05,1176428.75,6204026.735,0.7433333333333333,0.5189780755837758,1,1
2279,601318.SH,20170821,53.4,54.28,52.78,53.03,53.17,-0.14,-0.26,716152.54,3834637.735,0.6966666666666667,0.7616127475102743,1,1
2280,601318.SH,20170822,53.41,55.26,53.32,55.2,53.03,2.17,4.09,1009896.78,5503927.188999999,0.20999999999999996,0.0023742719491323338,0,0
2281,601318.SH,20170823,55.01,55.83,54.82,55.4,55.2,0.2,0.36,564884.35,3124559.298,0.26666666666666666,0.1351697727044424,0,0
2282,601318.SH,20170824,55.55,56.28,54.95,55.12,55.4,-0.28,-0.51,560654.76,3111185.225,0.6466666666666666,0.22907743295033778,1,0
2283,601318.SH,20170825,54.9,56.22,54.84,55.83,55.12,0.71,1.29,743106.0,4147141.4560000002,0.19333333333333333,0.3704461141427358,0,1
2284,601318.SH,20170828,55.98,57.75,55.98,56.2,55.83,0.37,0.66,803295.69,4571588.7530000005,-0.05666666666666668,0.08648125966389979,0,0
2285,601318.SH,20170829,56.1,57.25,55.88,57.06,56.2,0.86,1.53,416774.19,2365449.403,-0.2966666666666667,-0.22174688140551244,0,0
2286,601318.SH,20170830,57.0,57.63,56.26,56.41,57.06,-0.65,-1.14,470277.18,2668794.0130000003,-0.25333333333333335,-0.1511868552366892,0,0
2287,601318.SH,20170831,56.33,56.66,55.55,56.03,56.41,-0.38,-0.67,480957.2,2694501.061,0.2533333333333333,-0.11352470080057775,0,0
2288,601318.SH,20170901,56.05,57.04,55.6,56.17,56.03,0.14,0.25,571083.47,3213848.068,-0.09000000000000004,0.19959655245145166,0,0
2289,601318.SH,20170904,55.51,55.56,54.81,55.15,55.67,-0.52,-0.93,484051.38,2668523.944,-0.08000000000000003,0.03315909941991175,0,0
2290,601318.SH,20170905,55.4,56.6,55.11,56.29,55.15,1.14,2.07,563769.9,3153737.5069999998,-0.4233333333333333,-0.3942489520708719,-1,-1
2291,601318.SH,20170906,56.05,56.38,55.09,55.4,56.29,-0.89,-1.58,424063.1,2354829.57,-0.47000000000000003,-0.16419261256853734,-1,0
2292,601318.SH,20170907,55.6,55.82,54.83,54.91,55.4,-0.49,-0.88,329740.56,1818266.1230000001,-0.03333333333333336,-0.33263294259707127,0,-1
2293,601318.SH,20170908,54.9,55.52,54.83,55.02,54.91,0.11,0.2,290322.23,1601029.3190000001,0.016666666666666646,-0.13503982583681737,0,0
2294,601318.SH,20170911,55.21,55.98,53.92,53.99,55.02,-1.03,-1.87,804098.42,4405694.623,0.010000000000000009,0.25361884673436486,0,0
2295,601318.SH,20170912,54.48,54.87,53.61,54.81,53.99,0.82,1.52,555954.0,3018230.917,-0.47666666666666674,-0.19030466238657628,-1,0
2296,601318.SH,20170913,54.8,55.36,54.33,55.07,54.81,0.26,0.47,398069.83,2188825.236,-0.59,-0.5526652650038401,-1,-1
2297,601318.SH,20170914,55.1,55.25,53.9,54.02,55.07,-1.05,-1.91,510191.15,2769164.3,-0.18666666666666665,-0.2901842312018076,0,0
2298,601318.SH,20170915,54.09,54.2,53.15,53.38,54.02,-0.64,-1.18,754259.44,4035496.8239999996,-0.09999999999999999,-0.050061132113138784,0,0
2299,601318.SH,20170918,53.27,54.48,53.27,53.3,53.38,-0.08,-0.15,754002.96,4045828.546,0.17333333333333334,-0.06431605378786717,0,0
2300,601318.SH,20170919,53.69,54.04,53.11,53.46,53.3,0.16,0.3,621506.55,3322570.961,0.19333333333333333,0.07586306174596155,0,0
2301,601318.SH,20170920,53.44,53.7,53.0,53.08,53.46,-0.38,-0.71,587189.13,3132558.755,0.36000000000000004,0.23356238444646205,1,0
2302,601318.SH,20170921,53.16,54.24,53.01,53.82,53.08,0.74,1.39,727092.01,3909123.212,0.1433333333333333,0.1416275008519491,0,0
2303,601318.SH,20170922,53.55,54.35,53.52,54.04,53.82,0.22,0.41,549471.82,2965926.9639999997,-0.1466666666666667,-0.002449007431666006,0,0
2304,601318.SH,20170925,54.05,54.73,53.82,54.16,54.04,0.12,0.22,657944.94,3572267.811,-0.14,-0.22181490818659458,0,0
2305,601318.SH,20170926,53.99,54.33,53.95,54.25,54.16,0.09,0.17,427958.45,2317837.253,-0.03000000000000001,-0.1469728068510691,0,0
2306,601318.SH,20170927,54.1,54.24,53.46,53.6,54.25,-0.65,-1.2,468984.47,2525092.409,0.3866666666666667,0.1214644833405813,1,0
2307,601318.SH,20170928,53.6,53.97,53.32,53.74,53.6,0.14,0.26,397737.46,2134157.815,0.3933333333333333,0.2901395960648855,1,0
2308,601318.SH,20170929,53.72,54.35,53.43,54.16,53.74,0.42,0.78,434172.31,2345094.281,0.3833333333333333,0.21969635923703515,1,0
2309,601318.SH,20171009,56.1,56.5,54.71,54.76,54.16,0.6,1.11,882361.99,4894508.072,0.7833333333333333,0.17151052196820582,1,0
2310,601318.SH,20171010,54.86,55.52,53.81,54.92,54.76,0.16,0.29,960683.2,5234374.162,0.7200000000000001,0.6213349028428395,1,1
2311,601318.SH,20171011,54.9,55.72,54.55,55.31,54.92,0.39,0.71,664527.95,3671752.167,0.62,0.5017660959561666,1,1
2312,601318.SH,20171012,55.2,57.19,55.12,57.11,55.31,1.8,3.25,898550.11,5060866.914,0.27666666666666667,-0.02022807757059728,0,0
2313,601318.SH,20171013,56.91,57.43,56.73,57.08,57.11,-0.03,-0.05,508153.3,2898031.5360000003,0.6333333333333333,0.22150960405667627,1,0
2314,601318.SH,20171016,57.5,58.55,57.09,57.17,57.08,0.09,0.16,749769.23,4336232.571,0.8066666666666666,0.5042000099023184,1,1
2315,601318.SH,20171017,57.41,58.26,57.2,57.94,57.17,0.77,1.35,637815.73,3687434.212,0.36000000000000004,0.4390381797154745,1,1
2316,601318.SH,20171018,58.06,59.03,57.87,58.98,57.94,1.04,1.8,710379.48,4156056.2010000004,0.3,0.018711535533269295,1,0
2317,601318.SH,20171019,59.06,59.95,58.8,59.59,58.98,0.61,1.03,741138.91,4412200.243,0.20333333333333337,0.11259752353032434,0,0
2318,601318.SH,20171020,59.0,59.45,58.64,59.02,59.59,-0.57,-0.96,456881.47,2696601.7589999996,0.35333333333333333,0.2835867508252462,1,0
2319,601318.SH,20171023,59.73,60.18,59.2,59.88,59.02,0.86,1.46,512391.75,3066104.021,0.5033333333333333,0.018137822945912728,1,0
2320,601318.SH,20171024,59.77,61.06,59.63,60.2,59.88,0.32,0.53,705336.42,4268526.176,1.2433333333333334,0.3429717226823171,1,1
2321,601318.SH,20171025,60.1,60.44,59.71,60.08,60.2,-0.12,-0.2,386456.97,2322425.4,1.3266666666666667,1.1489656670888264,1,1
2322,601318.SH,20171026,60.0,62.26,59.86,61.39,60.08,1.31,2.18,836840.94,5137430.623,0.9899999999999999,0.7946514888604482,1,1
2323,601318.SH,20171027,61.5,63.98,61.48,63.93,61.39,2.54,4.14,876860.93,5509478.165,0.06333333333333334,0.129610238869985,0,0
2324,601318.SH,20171030,64.0,65.3,63.13,64.06,63.93,0.13,0.2,1183831.53,7608700.683999999,0.02666666666666667,0.019199161132176765,0,0
2325,601318.SH,20171031,63.5,64.5,63.31,64.36,64.06,0.3,0.47,513661.89,3284189.902,0.03,-0.19428814212481174,0,0
2326,601318.SH,20171101,64.47,66.28,63.72,64.12,64.36,-0.24,-0.37,1001119.09,6497719.272999999,-0.03666666666666666,-0.03051276365915929,0,0
2327,601318.SH,20171102,64.2,64.39,63.0,64.14,64.12,0.02,0.03,824946.51,5249507.427,0.41,-0.1273955420653025,1,0
2328,601318.SH,20171103,64.0,64.84,63.48,64.45,64.14,0.31,0.48,681439.78,4374187.708000001,0.05333333333333338,0.3576877816518148,0,1
2329,601318.SH,20171106,64.69,64.7,62.92,64.01,64.45,-0.44,-0.68,908570.15,5784912.562000001,0.7733333333333334,0.09876220067342127,1,0
2330,601318.SH,20171107,64.3,66.57,64.3,65.37,64.01,1.36,2.12,1173565.86,7697028.238,1.5066666666666666,0.29387926300366723,1,0
2331,601318.SH,20171108,65.4,66.35,64.32,64.61,65.37,-0.76,-1.16,867820.83,5669830.793,1.8466666666666667,1.5380866809686025,1,1
2332,601318.SH,20171109,64.5,66.39,64.4,66.33,64.61,1.72,2.66,708669.25,4620472.31,1.3633333333333333,1.0926394923528036,1,1
2333,601318.SH,20171110,66.0,69.95,65.93,69.89,66.33,3.56,5.37,1254060.37,8577347.652,-0.22999999999999998,0.23376345475514734,0,0
2334,601318.SH,20171113,70.1,70.57,69.48,70.15,69.89,0.26,0.37,752207.17,5267340.967,0.9533333333333335,-0.2783885077635447,1,0
2335,601318.SH,20171114,70.69,71.29,69.77,70.42,70.15,0.27,0.38,801748.28,5652540.362000001,1.6166666666666665,0.6218291505177816,1,1
2336,601318.SH,20171115,69.98,70.43,68.59,69.2,70.42,-1.22,-1.73,1009459.92,6990987.895,2.1700000000000004,1.430809049208959,1,1
2337,601318.SH,20171116,68.8,73.11,68.75,73.01,69.2,3.81,5.51,1163764.46,8269151.22,1.8099999999999998,0.8946183486779531,1,1
2338,601318.SH,20171117,72.7,75.32,71.8,75.27,73.01,2.26,3.1,1580393.74,11680087.761,0.7266666666666666,1.1829549773534138,1,1
2339,601318.SH,20171120,74.78,76.49,74.07,75.71,75.27,0.44,0.58,1141281.13,8583176.574,-0.4633333333333333,0.2969850166638693,-1,0
2340,601318.SH,20171121,75.13,79.68,75.13,78.44,75.71,2.73,3.61,1445569.37,11268384.879,-1.2733333333333334,-1.3856056408087412,-1,-1
2341,601318.SH,20171122,79.5,79.96,76.58,77.45,78.44,-0.99,-1.26,1293487.99,10124738.589,-1.3,-0.6879265860716501,-1,-1
2342,601318.SH,20171123,76.6,78.44,73.7,74.32,77.45,-3.13,-4.04,1576210.88,11946905.532,-0.5299999999999999,-0.3699501470724741,-1,-1
2343,601318.SH,20171124,74.15,75.46,72.71,74.62,74.32,0.3,0.4,1317843.76,9752487.037999999,-0.7333333333333334,-0.6146424786249796,-1,-1
2344,601318.SH,20171127,74.7,74.9,71.55,73.55,74.62,-1.07,-1.43,1637232.33,11979068.075,-1.21,-0.2642780677477518,-1,0
2345,601318.SH,20171128,72.7,73.54,71.88,72.73,73.55,-0.82,-1.11,786469.62,5710613.283,-1.5433333333333332,-0.8240553990999857,-1,-1
2346,601318.SH,20171129,73.54,74.19,71.26,72.42,72.73,-0.31,-0.43,875004.64,6358820.396000001,-1.01,-0.9789571956793466,-1,-1
2347,601318.SH,20171130,71.37,71.67,69.55,69.92,72.42,-2.5,-3.45,1163733.17,8210562.529,0.4266666666666667,0.002935944398244272,1,0
2348,601318.SH,20171201,69.65,70.18,67.91,68.1,69.92,-1.82,-2.6,1393046.03,9600520.277999999,0.43333333333333335,1.0220012052853902,1,1
2349,601318.SH,20171204,67.6,70.35,67.37,69.39,68.1,1.29,1.89,1159283.17,8019893.921,-0.25,0.12818649252255762,0,0
2350,601318.SH,20171205,68.9,71.5,68.78,71.2,69.39,1.81,2.61,1692539.53,11943537.965,0.09666666666666668,-0.9150758341948191,0,-1
2351,601318.SH,20171206,70.9,71.1,68.0,69.4,71.2,-1.8,-2.53,1245607.52,8683330.184,1.2833333333333332,0.5645572229226431,1,1
2352,601318.SH,20171207,69.35,69.81,67.6,68.64,69.4,-0.76,-1.1,859703.58,5882969.802,0.8566666666666668,1.3180507465203604,1,1
2353,601318.SH,20171208,68.94,71.86,68.66,71.49,68.64,2.85,4.15,1095632.28,7706090.993,0.21,-0.3251217023531595,0,-1
2354,601318.SH,20171211,71.2,73.31,70.82,73.25,71.49,1.76,2.46,1139927.34,8230209.835,-0.7466666666666667,-0.22614333788553867,-1,0
2355,601318.SH,20171212,73.25,73.56,71.17,71.21,73.25,-2.04,-2.79,777900.78,5624415.243,-0.27666666666666667,-0.2390702323118845,0,0
2356,601318.SH,20171213,71.21,72.62,70.2,72.12,71.21,0.91,1.28,865117.81,6180930.487000001,-0.4833333333333334,-0.696439565817515,-1,-1
2357,601318.SH,20171214,72.12,72.16,70.6,71.01,72.12,-1.11,-1.54,676186.94,4821543.307,0.8566666666666668,-0.31340183178583775,1,-1
2358,601318.SH,20171215,70.69,71.44,70.05,70.38,71.01,-0.63,-0.89,735547.22,5203043.803,1.1866666666666668,0.9482529505093893,1,1
2359,601318.SH,20171218,70.21,71.93,70.21,70.67,70.38,0.29,0.41,679116.99,4819171.12,1.4133333333333333,1.00168648203214,1,1
2360,601318.SH,20171219,70.91,73.63,70.71,73.58,70.67,2.91,4.12,1270583.05,9235563.922,0.1466666666666667,0.25680767734845483,0,0
2361,601318.SH,20171220,73.49,74.59,73.08,73.94,73.58,0.36,0.49,939382.88,6929166.001,0.07333333333333332,0.02273715575536097,0,0
2362,601318.SH,20171221,73.64,75.58,73.21,74.91,73.94,0.97,1.31,934707.66,6973083.823,-0.3233333333333333,-0.26561512509981783,-1,0
2363,601318.SH,20171222,74.8,75.2,73.63,74.02,74.91,-0.89,-1.19,719526.58,5340481.047,-1.2233333333333334,-0.21031838218371068,-1,0
2364,601318.SH,20171225,74.06,76.17,73.37,74.16,74.02,0.14,0.19,1109978.96,8271645.257,-1.1900000000000002,-1.410083843866984,-1,-1
2365,601318.SH,20171226,74.11,74.56,72.88,73.94,74.16,-0.22,-0.3,832289.5,6125332.824,-1.3199999999999998,-0.8845480636755625,-1,-1
2366,601318.SH,20171227,73.45,73.45,70.02,70.35,73.94,-3.59,-4.86,1506834.45,10782720.389,0.7466666666666666,-0.49620544473330175,1,-1
2367,601318.SH,20171228,70.3,71.42,69.67,70.59,70.35,0.24,0.34,1130886.42,7984386.864,0.12666666666666662,0.635995577176412,0,1
2368,601318.SH,20171229,71.09,71.53,69.5,69.98,70.59,-0.61,-0.86,1040018.01,7316476.634,0.3999999999999999,0.3359655662377676,1,1
2369,601318.SH,20180102,70.21,72.8,70.18,72.59,69.98,2.61,3.73,1236163.17,8873521.553,-0.5666666666666668,-0.5877183214823404,-1,-1
2370,601318.SH,20180103,73.4,73.9,70.11,70.97,72.59,-1.62,-2.23,1794054.92,12887286.352,-0.32,0.010647050937016855,-1,0
2371,601318.SH,20180104,71.02,72.2,70.55,71.18,70.97,0.21,0.3,1061157.84,7558632.047,0.23000000000000007,-0.17011214653650913,0,0
2372,601318.SH,20180105,71.59,71.88,70.45,70.89,71.18,-0.29,-0.41,772075.81,5478422.385,0.27666666666666667,0.0631366356213888,0,0
2373,601318.SH,20180108,70.79,70.79,69.32,70.01,70.89,-0.88,-1.24,1228729.53,8582728.348,0.88,0.23663322170575463,1,0
2374,601318.SH,20180109,70.3,72.08,70.03,71.87,70.01,1.86,2.66,1239491.15,8846740.743999999,0.8466666666666667,0.5192303164800008,1,1
2375,601318.SH,20180110,71.6,71.87,70.71,71.72,71.87,-0.15,-0.21,828123.01,5908131.847,1.9766666666666666,0.5960470004876455,1,1
2376,601318.SH,20180111,71.05,73.12,71.0,72.65,71.72,0.93,1.3,1096288.95,7942591.596,1.72,1.2948524101575216,1,1
2377,601318.SH,20180112,72.66,74.5,72.33,74.41,72.65,1.76,2.42,1282662.94,9412700.286,0.9766666666666669,0.9847068770726521,1,1
2378,601318.SH,20180115,75.35,78.5,75.35,77.65,74.41,3.24,4.35,2006598.66,15506926.306,-0.013333333333333308,-0.014046670595804799,0,0
2379,601318.SH,20180116,77.68,79.48,77.2,77.81,77.65,0.16,0.21,1501643.17,11730259.422,-0.07333333333333332,-0.16731763044993078,0,0
2380,601318.SH,20180117,78.1,79.35,76.5,77.34,77.81,-0.47,-0.6,1413574.16,11007901.752999999,0.4666666666666666,-0.17033308307329809,1,0
2381,601318.SH,20180118,78.56,80.11,77.08,77.61,77.34,0.27,0.35,2074471.38,16276293.928,0.3833333333333333,0.2010233088334402,1,0
2382,601318.SH,20180119,78.3,79.06,76.89,77.59,77.61,-0.02,-0.03,1553809.12,12121952.907,-0.3833333333333333,0.2932766540845236,-1,0
2383,601318.SH,20180122,77.11,79.2,77.05,78.74,77.59,1.15,1.48,1215882.86,9519920.005,-1.15,-0.5572579757372538,-1,-1
2384,601318.SH,20180123,80.3,81.28,78.29,78.76,78.74,0.02,0.03,1919898.4,15307309.842,-0.8866666666666666,-0.9574715689818063,-1,-1
2385,601318.SH,20180124,79.0,79.44,76.38,76.44,78.76,-2.32,-2.95,1689141.04,13089919.947,-1.0266666666666666,0.06661442955334985,-1,0
2386,601318.SH,20180125,75.93,75.99,74.8,75.29,76.44,-1.15,-1.5,1234396.52,9292249.846,-0.6366666666666667,-0.5149904684225718,-1,-1
2387,601318.SH,20180126,75.3,76.85,75.21,76.1,75.29,0.81,1.08,1125546.5,8558720.967,-0.3400000000000001,-0.6948990301291147,-1,-1
2388,601318.SH,20180129,76.66,76.7,72.89,73.36,76.1,-2.74,-3.6,1517843.51,11341796.885,0.7066666666666667,0.548578755458196,1,1
2389,601318.SH,20180130,72.9,74.36,72.8,73.38,73.36,0.02,0.03,867816.93,6389286.977000001,0.8766666666666666,0.7475685282548269,1,1
2390,601318.SH,20180131,72.65,75.15,72.52,75.08,73.38,1.7,2.32,934726.29,6959739.461,0.21000000000000005,0.17346042235692347,0,0
2391,601318.SH,20180201,75.0,75.6,74.05,75.48,75.08,0.4,0.53,1415762.91,10624480.475,-0.57,0.015989862283070932,-1,0
2392,601318.SH,20180202,74.87,76.38,74.13,76.01,75.48,0.53,0.7,1007583.37,7592895.872,-1.5433333333333332,-0.5152276591459909,-1,-1
2393,601318.SH,20180205,74.4,75.95,74.3,75.71,76.01,-0.3,-0.39,948054.42,7124096.933999999,-2.24,-1.4125677243868509,-1,-1
2394,601318.SH,20180206,73.85,74.7,72.5,73.77,75.71,-1.94,-2.56,2049666.83,15035748.670999998,-3.1133333333333333,-1.6043803707758584,-1,-1
2395,601318.SH,20180207,74.6,74.65,70.5,71.38,73.77,-2.39,-3.24,1747840.83,12632931.015999999,-2.1399999999999997,-1.9112238959471384,-1,-1
2396,601318.SH,20180208,70.61,71.5,68.37,68.99,71.38,-2.39,-3.35,1530108.9,10664335.041000001,-0.6566666666666664,-0.9818016783396402,-1,-1
2397,601318.SH,20180209,66.5,66.97,62.2,64.43,68.99,-4.56,-6.61,2492029.78,16087878.594,1.4866666666666666,0.4584053440888723,1,1
2398,601318.SH,20180212,64.66,65.65,64.0,64.96,64.43,0.53,0.82,1029611.77,6677189.824,1.6033333333333335,1.3989213450749716,1,1
2399,601318.SH,20180213,66.2,68.35,66.06,67.02,64.96,2.06,3.17,1147957.2,7736172.612000001,1.2066666666666668,0.9339510722955068,1,1
2400,601318.SH,20180214,67.5,69.19,67.2,68.89,67.02,1.87,2.79,646501.88,4399687.785,0.6366666666666666,0.22839897116025293,1,0
2401,601318.SH,20180222,70.23,70.42,69.23,69.77,68.89,0.88,1.28,783649.99,5477772.497,0.013333333333333345,0.5074701114495596,0,1
2402,601318.SH,20180223,70.25,71.46,69.83,70.64,69.77,0.87,1.25,556011.07,3929000.289,-0.96,-0.24673317829767857,-1,0
2403,601318.SH,20180226,70.99,71.58,69.6,70.8,70.64,0.16,0.23,693840.92,4900094.21,-0.6233333333333334,-1.154187561670939,-1,-1
2404,601318.SH,20180227,71.02,71.19,69.47,69.81,70.8,-0.99,-1.4,780994.82,5485814.9120000005,-0.71,-0.11055439869562779,-1,0
2405,601318.SH,20180228,69.2,69.24,67.7,67.76,69.81,-2.05,-2.94,782170.46,5354288.636,0.03999999999999998,-0.0003341571489969386,0,0
2406,601318.SH,20180301,67.18,69.38,66.88,68.93,67.76,1.17,1.73,663296.17,4535163.8319999995,0.12999999999999998,-0.506378759543101,0,-1
2407,601318.SH,20180302,68.0,68.66,67.45,67.68,68.93,-1.25,-1.81,581439.32,3950841.316,0.36666666666666664,0.48955438574155175,1,1
2408,601318.SH,20180305,67.66,68.59,67.0,67.88,67.68,0.2,0.3,609823.8,4123448.692,0.8866666666666667,0.2706237359841665,1,0
2409,601318.SH,20180306,68.4,69.39,67.4,69.32,67.88,1.44,2.12,657077.23,4498428.233,0.5233333333333333,0.41322713335355127,1,1
2410,601318.SH,20180307,68.98,70.18,68.18,68.78,69.32,-0.54,-0.78,590555.01,4086838.91,0.7799999999999999,0.5380731328328451,1,1
2411,601318.SH,20180308,69.06,70.84,68.76,70.54,68.78,1.76,2.56,692681.65,4847200.944,-0.37333333333333335,0.12009311159451808,-1,0
2412,601318.SH,20180309,71.0,71.46,70.31,70.89,70.54,0.35,0.5,476222.0,3371832.639,-0.69,-0.6282514468828836,-1,-1
2413,601318.SH,20180312,71.6,71.86,70.6,71.12,70.89,0.23,0.32,583351.47,4159385.5289999996,-0.20999999999999996,-0.8093465642134348,0,-1
2414,601318.SH,20180313,71.2,71.35,69.18,69.42,71.12,-1.7,-2.39,609492.27,4270300.75,0.3633333333333333,0.011092536052068124,1,0
2415,601318.SH,20180314,68.85,69.2,68.26,68.82,69.42,-0.6,-0.86,514760.79,3538649.61,1.6633333333333333,0.34670597155888877,1,1
2416,601318.SH,20180315,68.41,70.7,68.4,70.49,68.82,1.67,2.43,627110.86,4389005.513,1.2,0.8877337976296743,1,1
2417,601318.SH,20180316,70.7,71.95,70.45,70.51,70.49,0.02,0.03,701326.23,4999966.473999999,1.1033333333333333,0.9228518708546957,1,1
2418,601318.SH,20180319,70.89,73.88,70.48,73.81,70.51,3.3,4.68,924499.82,6687346.253,-0.31,-0.027618916432062733,-1,0
2419,601318.SH,20180320,73.1,74.19,72.7,74.09,73.81,0.28,0.38,659778.35,4847776.967,-1.2633333333333334,-0.4294856206576029,-1,-1
2420,601318.SH,20180321,76.7,76.71,73.03,73.82,74.09,-0.27,-0.36,1367485.93,10277152.012,-1.8466666666666667,-1.2305045799414316,-1,-1
2421,601318.SH,20180322,73.51,74.17,71.68,72.88,73.82,-0.94,-1.27,902877.52,6578006.315,-1.5733333333333333,-1.4624036626021066,-1,-1
2422,601318.SH,20180323,70.0,70.77,69.42,70.3,72.88,-2.58,-3.54,1486954.92,10435410.981,-1.6333333333333335,-0.8076735870043436,-1,-1
2423,601318.SH,20180326,69.2,69.97,66.98,68.28,70.3,-2.02,-2.87,1380985.19,9441425.605,-0.63,-1.0497080580393472,-1,-1
2424,601318.SH,20180327,69.58,69.66,67.5,68.16,68.28,-0.12,-0.18,1039920.27,7111483.067000001,-0.9499999999999998,-0.5991835431257883,-1,-1
2425,601318.SH,20180328,67.0,67.68,64.88,65.4,68.16,-2.76,-4.05,1420787.82,9380984.826,-0.2466666666666667,-0.10885372916857396,0,0
2426,601318.SH,20180329,65.42,67.28,63.51,66.39,65.4,0.99,1.51,1462545.73,9514381.379,-0.6266666666666666,-0.47807239452997835,-1,-1
2427,601318.SH,20180330,66.01,66.27,64.8,65.31,66.39,-1.08,-1.63,842022.51,5499095.857999999,-0.25333333333333335,-0.025462527672449695,0,0
2428,601318.SH,20180402,64.25,66.25,64.22,64.66,65.31,-0.65,-1.0,805559.09,5242356.77,0.4333333333333333,-0.017992223898569693,1,0
2429,601318.SH,20180403,63.95,64.95,63.84,64.51,64.66,-0.15,-0.23,604070.68,3885145.8039999995,1.2466666666666668,0.3981938167413076,1,1
2430,601318.SH,20180404,64.9,65.58,63.98,64.55,64.51,0.04,0.06,679989.53,4414551.485,1.04,1.1164988323052725,1,1
2431,601318.SH,20180409,64.99,65.99,64.05,65.96,64.55,1.41,2.18,716142.85,4679345.562,0.25333333333333335,0.48856167634328207,0,1
2432,601318.SH,20180410,65.69,68.4,65.39,68.25,65.96,2.29,3.47,905139.72,6064986.129,-0.69,-0.5819047407309214,-1,-1
2433,601318.SH,20180411,68.3,68.57,67.48,67.67,68.25,-0.58,-0.85,720924.32,4894354.063,-1.1233333333333333,-0.434258933464686,-1,-1
2434,601318.SH,20180412,67.91,67.97,66.69,66.72,67.67,-0.95,-1.4,544502.5,3659539.916,-1.1966666666666665,-1.0171972767512003,-1,-1
2435,601318.SH,20180413,67.43,67.45,66.05,66.18,66.72,-0.54,-0.81,466385.74,3114028.9289999995,-0.89,-1.0290224985281626,-1,-1
2436,601318.SH,20180416,66.01,66.66,63.88,64.3,66.18,-1.88,-2.84,809639.57,5244687.54,0.06000000000000002,-0.32251260439554846,0,-1
2437,601318.SH,20180417,64.44,64.86,62.83,63.13,64.3,-1.17,-1.82,831672.88,5312790.696,0.34,0.41787161668141687,1,1
2438,601318.SH,20180418,63.78,63.95,62.6,63.51,63.13,0.38,0.6,764845.49,4841197.6680000005,0.49333333333333335,0.16827172478040064,1,0
2439,601318.SH,20180419,63.9,64.95,63.66,64.48,63.51,0.97,1.53,726473.75,4680959.624,0.6933333333333334,0.04966372092564905,1,0
2440,601318.SH,20180420,64.2,64.87,63.51,64.15,64.48,-0.33,-0.51,603340.73,3871514.93,0.45,0.7354958816369375,1,1
2441,601318.SH,20180423,64.15,65.16,63.78,64.99,64.15,0.84,1.31,544466.66,3516175.405,-0.6233333333333333,0.160383628209432,-1,0
2442,601318.SH,20180424,65.4,67.06,65.28,66.56,64.99,1.57,2.42,906954.07,6024928.823,-1.89,-1.1476329104105631,-1,-1
2443,601318.SH,20180425,66.04,66.46,65.31,65.5,66.56,-1.06,-1.59,477827.61,3141687.1539999996,-1.3866666666666665,-1.3554059640566507,-1,-1
2444,601318.SH,20180426,65.68,65.89,62.81,63.12,65.5,-2.38,-3.63,841553.82,5364614.954,-0.5599999999999999,-0.49570638100306186,-1,-1
2445,601318.SH,20180427,63.55,63.73,58.34,60.89,63.12,-2.23,-3.53,2602862.57,15747812.239,-0.05999999999999998,-0.08135706345240269,0,0
2446,601318.SH,20180502,61.36,61.79,60.75,61.34,60.89,0.45,0.74,708908.42,4341690.751,-0.05000000000000001,-0.11807707707087194,0,0
2447,601318.SH,20180503,60.88,61.58,59.9,61.44,61.34,0.1,0.16,629125.38,3831120.277,0.5466666666666666,-0.16940358440081274,1,0
2448,601318.SH,20180504,61.33,61.64,60.64,60.71,61.44,-0.73,-1.19,441586.75,2694568.405,0.7466666666666667,0.5818835838635763,1,1
2449,601318.SH,20180507,60.55,61.47,59.71,61.19,60.71,0.48,0.79,829447.83,5035372.512,0.6633333333333332,0.6300254746278128,1,1
2450,601318.SH,20180508,61.36,63.88,61.24,63.08,61.19,1.89,3.09,1174720.62,7388303.87,0.006666666666666668,-0.056463475624720205,0,0
2451,601318.SH,20180509,63.1,63.4,62.52,62.95,63.08,-0.13,-0.21,484431.0,3048008.852,0.3833333333333333,0.047207532723744755,1,0
2452,601318.SH,20180510,63.3,63.75,62.61,63.18,62.95,0.23,0.37,498178.32,3143778.292,0.26333333333333336,0.28959176977475487,0,0
2453,601318.SH,20180511,63.58,63.66,62.81,63.1,63.18,-0.08,-0.13,452105.51,2859210.137,-0.09666666666666664,0.1461780711015066,0,0
2454,601318.SH,20180514,63.7,64.58,63.5,64.1,63.1,1.0,1.58,683709.16,4387898.493,-0.7000000000000001,-0.525533415476481,-1,-1
2455,601318.SH,20180515,64.5,64.59,63.4,63.97,64.1,-0.13,-0.2,529529.16,3376776.3210000005,-0.31,-0.5845246748129526,-1,-1
2456,601318.SH,20180516,63.68,63.92,62.63,62.81,63.97,-1.16,-1.81,559514.39,3539081.1539999996,0.2833333333333333,0.006532333691914926,0,0
2457,601318.SH,20180517,63.09,63.19,61.94,62.0,62.81,-0.81,-1.29,477782.23,2981258.0930000003,0.3366666666666667,0.39906311472256983,1,1
2458,601318.SH,20180518,61.88,63.12,61.59,63.04,62.0,1.04,1.68,566253.26,3532704.058,-0.4266666666666667,-0.11324837962786351,-1,0
2459,601318.SH,20180521,63.55,64.15,63.27,63.66,63.04,0.62,0.98,705065.71,4492367.179,-0.8133333333333334,-0.5480713502566019,-1,-1
2460,601318.SH,20180522,63.58,63.84,62.5,63.01,63.66,-0.65,-1.02,437692.14,2757950.4080000003,-0.49333333333333335,-0.5574698821703592,-1,-1
2461,601318.SH,20180523,62.95,62.95,61.67,61.76,63.01,-1.25,-1.98,569154.52,3531232.659,0.24666666666666667,-0.20221416513125096,0,0
2462,601318.SH,20180524,61.96,62.27,61.16,61.22,61.76,-0.54,-0.87,441513.27,2725820.768,0.3866666666666667,0.22585850199063623,1,0
2463,601318.SH,20180525,61.38,62.18,61.34,61.53,61.22,0.31,0.51,353929.69,2183913.985,-0.29333333333333333,0.21621194322903955,0,0
2464,601318.SH,20180528,61.8,62.88,61.55,62.5,61.53,0.97,1.58,458948.75,2861428.758,-0.12333333333333336,-0.6090004698435465,0,-1
2465,601318.SH,20180529,62.32,62.66,61.3,62.38,62.5,-0.12,-0.19,636474.46,3944873.8030000003,-0.24666666666666667,-0.11592369834582006,0,0
2466,601318.SH,20180530,61.31,61.7,60.58,60.65,62.38,-1.73,-2.77,490836.64,2998177.225,0.96,0.08263985355695093,1,0
2467,601318.SH,20180531,61.11,62.18,60.71,62.13,60.65,1.48,2.44,665388.31,4096852.001,0.8166666666666668,0.271816311677297,1,0
2468,601318.SH,20180601,61.91,62.19,61.28,61.64,62.13,-0.49,-0.79,408007.64,2516195.954,0.7233333333333333,0.8072749718030294,1,1
2469,601318.SH,20180604,62.1,63.71,61.9,63.53,61.64,1.89,3.07,858897.4,5418564.799,0.30333333333333334,0.08330507119496668,1,0
2470,601318.SH,20180605,63.59,65.0,63.21,64.58,63.53,1.05,1.65,885172.55,5683935.967,-0.33,-0.127727247873942,-1,0
2471,601318.SH,20180606,64.43,64.45,63.71,63.81,64.58,-0.77,-1.19,490220.28,3140622.7819999997,0.14,-0.2563941852251688,0,0
2472,601318.SH,20180607,63.27,64.54,63.02,63.24,62.61,0.63,1.01,746266.79,4763077.383,0.22,-0.21231523911158237,0,0
2473,601318.SH,20180608,62.97,63.24,61.95,62.39,63.24,-0.85,-1.34,579391.37,3617103.478,0.45333333333333337,0.3180275662740072,1,1
2474,601318.SH,20180611,62.25,63.2,61.85,63.03,62.39,0.64,1.03,512803.13,3204236.377,0.47,0.2555988474686941,1,0
2475,601318.SH,20180612,63.2,64.25,62.82,63.9,63.03,0.87,1.38,763559.25,4866437.06,0.24333333333333332,0.02680732448895777,0,0
2476,601318.SH,20180613,63.8,63.91,63.35,63.75,63.9,-0.15,-0.23,459053.26,2922589.416,-0.5533333333333333,0.21814197738965357,-1,0
2477,601318.SH,20180614,63.58,65.35,63.45,64.44,63.75,0.69,1.08,798484.71,5164445.267,-0.8633333333333333,-0.789482744137446,-1,-1
2478,601318.SH,20180615,64.1,65.16,64.02,64.63,64.44,0.19,0.29,666582.72,4315505.697,-1.18,-0.8150114492575327,-1,-1
2479,601318.SH,20180619,63.8,64.2,61.8,62.09,64.63,-2.54,-3.93,1278263.6,8087342.652000001,-0.34,-0.43604328195254,-1,-1
2480,601318.SH,20180620,61.9,62.54,60.78,61.85,62.09,-0.24,-0.39,743195.22,4589333.023,-0.6866666666666666,-0.28990188995997107,-1,0
2481,601318.SH,20180621,61.86,62.56,61.0,61.09,61.85,-0.76,-1.23,605493.96,3743256.874,-0.6166666666666667,-0.44967813650767,-1,-1
2482,601318.SH,20180622,60.6,61.5,60.6,61.07,61.09,-0.02,-0.03,465376.39,2837582.693,-1.1900000000000002,-0.6647643701235453,-1,-1
2483,601318.SH,20180625,61.28,61.35,59.6,59.79,61.07,-1.28,-2.1,607496.72,3673033.33,-0.9866666666666667,-0.691286988655726,-1,-1
2484,601318.SH,20180626,59.1,59.61,57.8,59.24,59.79,-0.55,-0.92,717927.64,4222114.929,-0.22000000000000006,-0.6425593451658884,0,-1
2485,601318.SH,20180627,59.1,59.45,57.44,57.5,59.24,-1.74,-2.94,697084.1,4051818.403,-0.7599999999999999,0.28241404136021936,-1,0
2486,601318.SH,20180628,57.11,57.95,56.53,56.83,57.5,-0.67,-1.17,735991.24,4196752.214,-0.16333333333333325,-0.48917219797770173,0,-1
2487,601318.SH,20180629,57.12,58.63,57.1,58.58,56.83,1.75,3.08,645112.04,3729377.8,-1.0199999999999998,-0.6181190685431162,-1,-1
2488,601318.SH,20180702,58.28,58.28,54.65,55.22,58.58,-3.36,-5.74,900189.16,5082587.156,0.10333333333333339,-0.16139027039209997,0,0
2489,601318.SH,20180703,55.6,56.56,54.33,56.34,55.22,1.12,2.03,949167.01,5276896.813,0.19999999999999998,-0.036679722468058215,0,0
2490,601318.SH,20180704,56.23,56.88,55.37,55.52,56.34,-0.82,-1.46,519493.68,2909529.8510000003,1.1199999999999999,0.35685219605763757,1,1
2491,601318.SH,20180705,55.7,56.27,55.18,55.53,55.52,0.01,0.02,548434.32,3054478.672,0.8833333333333332,0.9175066514809926,1,1
2492,601318.SH,20180706,55.98,57.65,55.54,56.94,55.53,1.41,2.54,824311.19,4674671.786,0.04999999999999997,0.40204967101415,0,1
2493,601318.SH,20180709,57.6,58.91,57.2,58.88,56.94,1.94,3.41,696043.04,4054246.9639999997,-0.16666666666666666,-0.4651003495852152,0,-1
2494,601318.SH,20180710,59.0,59.05,57.55,58.18,58.88,-0.7,-1.19,555627.43,3233279.752,0.12,-0.017080183426539053,0,0
2495,601318.SH,20180711,56.75,57.51,56.56,57.09,58.18,-1.09,-1.87,473781.85,2701645.1939999997,0.21,0.18371922214825953,0,0
2496,601318.SH,20180712,57.24,58.89,57.24,58.38,57.09,1.29,2.26,647707.63,3777942.008,-0.11999999999999998,-0.07647839943567906,0,0
2497,601318.SH,20180713,58.77,58.92,58.28,58.54,58.38,0.16,0.27,393785.46,2307228.865,-0.24333333333333332,-0.2608508423964182,0,0
2498,601318.SH,20180716,58.3,58.78,57.38,57.72,58.54,-0.82,-1.4,431942.08,2494024.299,0.33,-0.0171825246016184,1,0
2499,601318.SH,20180717,57.9,58.26,57.42,58.02,57.72,0.3,0.52,379943.02,2195501.1380000003,0.94,0.18584069450696314,1,0
2500,601318.SH,20180718,58.28,59.11,57.75,57.81,58.02,-0.21,-0.36,464485.05,2717273.9189999998,1.0899999999999999,0.8384715720017751,1,1
2501,601318.SH,20180719,58.36,59.3,58.35,58.71,57.81,0.9,1.56,703699.03,4143173.505,1.01,0.6337627335389455,1,1
2502,601318.SH,20180720,58.6,61.61,58.23,60.84,58.71,2.13,3.628,1069350.78,6433573.521000001,0.44,0.3394349320729574,1,1
2503,601318.SH,20180723,60.35,61.6,60.25,61.08,60.84,0.24,0.3945,804573.37,4898411.219,-0.09333333333333334,0.29683511694272363,0,0
2504,601318.SH,20180724,61.06,63.0,61.03,61.74,61.08,0.66,1.0806,836847.07,5207884.86,-0.29000000000000004,-0.4805592850844065,0,-1
2505,601318.SH,20180725,62.23,62.24,61.4,62.16,61.74,0.42,0.6803,409006.24,2529701.219,-0.20000000000000004,-0.47534108916918427,0,-1
2506,601318.SH,20180726,62.28,62.48,60.68,60.8,62.16,-1.36,-2.1879,482593.31,2960086.715,0.26666666666666666,0.13901960690816248,0,0
2507,601318.SH,20180727,60.98,61.33,60.57,60.87,60.8,0.07,0.1151,334171.59,2037644.574,-0.38999999999999996,0.17569447000821437,-1,0
2508,601318.SH,20180730,60.9,61.92,60.75,61.56,60.87,0.69,1.1336,376370.18,2303730.924,-1.0999999999999999,-0.5491657988230386,-1,-1
2509,601318.SH,20180731,61.6,61.89,60.82,61.6,61.56,0.04,0.065,260698.59,1600697.2319999998,-1.26,-0.9917125181357065,-1,-1
2510,601318.SH,20180801,61.8,62.41,59.62,59.7,61.6,-1.9,-3.0844,563434.32,3440050.5710000005,-0.6233333333333333,-0.5824453429381052,-1,-1
2511,601318.SH,20180802,59.41,59.49,57.8,58.26,59.7,-1.44,-2.4121,646804.28,3782255.9269999997,0.43333333333333335,-0.14226812283198034,1,0
2512,601318.SH,20180803,58.43,58.76,57.78,57.82,58.26,-0.44,-0.7552,362083.3,2109021.4390000002,0.18666666666666668,0.47841364582379664,0,1
2513,601318.SH,20180806,57.81,58.86,57.36,57.83,57.82,0.01,0.0173,419785.66,2438442.832,0.93,0.07439597090085352,1,0
2514,601318.SH,20180807,58.11,59.6,57.96,59.56,57.83,1.73,2.9915,561861.21,3306492.624,0.29333333333333345,0.29720655520757044,0,0
2515,601318.SH,20180808,59.55,59.7,58.19,58.38,59.56,-1.18,-1.9812,412109.11,2426952.929,0.38999999999999996,0.477930836280187,1,1
2516,601318.SH,20180809,58.38,60.99,58.18,60.62,58.38,2.24,3.8369,635433.07,3820214.646,-0.5233333333333333,-0.42932548681894933,-1,-1
2517,601318.SH,20180810,60.56,60.96,59.83,60.44,60.62,-0.18,-0.2969,349041.51,2108590.693,-1.1366666666666667,-0.4681814209620157,-1,-1
2518,601318.SH,20180813,59.8,59.85,58.66,59.55,60.44,-0.89,-1.4725,454649.48,2692879.775,-0.8566666666666666,-0.784642006556193,-1,-1
2519,601318.SH,20180814,59.56,59.72,58.58,59.05,59.55,-0.5,-0.8396,308740.67,1824184.784,-0.8233333333333333,-0.6556836978594461,-1,-1
2520,601318.SH,20180815,59.03,59.05,56.67,57.03,59.05,-2.02,-3.4208,613747.92,3531927.672,0.26,-0.33496993343035375,0,-1
2521,601318.SH,20180816,56.38,57.95,55.88,56.98,57.03,-0.05,-0.0877,475074.98,2710351.662,0.8133333333333334,0.28788748820622767,1,0
2522,601318.SH,20180817,57.7,57.82,56.46,56.58,56.98,-0.4,-0.7020000000000001,351360.05,2009697.4009999998,1.45,0.8182128353913625,1,1
2523,601318.SH,20180820,56.94,57.82,56.76,57.81,56.58,1.23,2.1739,462142.66,2653996.2369999997,1.4400000000000002,0.9226833089192709,1,1
2524,601318.SH,20180821,57.86,59.65,57.86,59.42,57.81,1.61,2.785,636650.64,3768112.543,1.0166666666666666,0.732948188384374,1,1
2525,601318.SH,20180822,61.28,61.5,60.37,60.93,59.42,1.51,2.5412,1041857.14,6355540.682,0.8466666666666667,0.48145378073056544,1,1
2526,601318.SH,20180823,61.01,62.38,61.01,62.13,60.93,1.2,1.9695,756111.3,4682981.908,0.2566666666666667,0.3056894346078237,0,1
2527,601318.SH,20180824,61.7,63.33,61.5,62.47,62.13,0.34,0.5472,572631.51,3574475.333,0.18000000000000002,-0.06514381329218541,0,0
2528,601318.SH,20180827,63.08,63.68,62.72,63.47,62.47,1.0,1.6008,585793.43,3706028.568,-0.10333333333333332,-0.15442143837610875,0,0
2529,601318.SH,20180828,63.8,63.84,62.6,62.9,63.47,-0.57,-0.8981,424944.21,2683512.0930000003,0.026666666666666672,-0.07421184341112767,0,0
2530,601318.SH,20180829,62.68,63.3,62.65,63.01,62.9,0.11,0.1749,278926.79,1757300.92,-0.09333333333333334,-0.04193945686022436,0,0
2531,601318.SH,20180830,63.5,64.05,63.02,63.16,63.01,0.15,0.2381,458496.33,2916938.041,0.5466666666666666,-0.1625340835253397,1,0
2532,601318.SH,20180831,62.4,63.43,62.2,62.98,63.16,-0.18,-0.285,521114.0,3273908.6610000003,-0.06000000000000005,0.5782721443970998,0,1
2533,601318.SH,20180903,62.6,63.0,62.11,62.73,62.98,-0.25,-0.397,323790.59,2027395.425,-0.26333333333333336,0.010220830043156992,0,0
2534,601318.SH,20180904,62.85,64.93,62.54,64.8,62.73,2.07,3.2999,658378.78,4208358.192,-0.4666666666666666,-0.8847094015280405,-1,-1
2535,601318.SH,20180905,64.41,64.64,62.8,62.8,64.8,-2.0,-3.0864,507437.18,3235414.305,-0.05000000000000001,0.1280191346009573,0,0
2536,601318.SH,20180906,62.1,62.52,61.01,61.32,62.18,-0.86,-1.3831,457426.29,2827435.7060000002,0.12,0.0933429344495138,0,0
2537,601318.SH,20180907,61.88,63.5,61.6,62.78,61.32,1.46,2.381,494711.65,3105514.558,-0.7266666666666667,-0.4371756569544474,-1,-1
2538,601318.SH,20180910,62.6,62.87,61.6,62.03,62.78,-0.75,-1.1946,323390.01,2008532.822,0.1233333333333333,-0.5908945099512736,0,-1
2539,601318.SH,20180911,62.0,62.58,61.25,61.68,62.03,-0.35,-0.5642,347070.57,2147831.325,0.54,0.2649359746774038,1,0
2540,601318.SH,20180912,61.31,61.46,60.28,60.6,61.68,-1.08,-1.751,435460.28,2644081.431,0.6366666666666667,0.6125654681523641,1,1
2541,601318.SH,20180913,61.78,62.4,61.01,62.4,60.6,1.8,2.9703,538846.97,3328513.24,0.5733333333333334,-0.1031840280691782,1,0
2542,601318.SH,20180914,62.57,63.76,62.42,63.3,62.4,0.9,1.4423,558370.41,3529776.705,0.6166666666666667,0.2290015800793966,1,0
2543,601318.SH,20180917,62.3,63.18,62.25,62.51,63.3,-0.79,-1.248,269595.87,1686602.295,0.7633333333333333,0.6927913173039755,1,1
2544,601318.SH,20180918,62.15,64.3,62.1,64.12,62.51,1.61,2.5756,635569.33,4033820.4710000004,1.1233333333333333,0.020976887543996226,1,0
2545,601318.SH,20180919,64.09,65.8,63.81,65.15,64.12,1.03,1.6064,834705.07,5411874.454,0.68,0.5607302649815877,1,1
2546,601318.SH,20180920,65.2,65.56,64.61,64.8,65.15,-0.35,-0.5372,418923.78,2721332.7410000004,1.0533333333333335,0.5721888645490011,1,1
2547,601318.SH,20180921,65.28,67.5,64.97,67.49,64.8,2.69,4.1512,810431.09,5386807.332,-0.09666666666666666,-0.0305627302328745,0,0
2548,601318.SH,20180925,66.9,67.73,66.48,67.19,67.49,-0.3,-0.4445,578103.89,3878568.209,0.4366666666666667,-0.11758102337519322,1,0
2549,601318.SH,20180926,67.23,69.0,66.83,67.96,67.19,0.77,1.146,908525.51,6186718.195,-1.06,0.03878184398015345,-1,0
2550,601318.SH,20180927,67.73,67.75,66.86,67.2,67.96,-0.76,-1.1183,623574.33,4190581.061,-0.7333333333333333,-0.8557938055197397,-1,-1
2551,601318.SH,20180928,67.5,69.1,67.44,68.5,67.2,1.3,1.9345,739523.87,5052835.863,-1.2833333333333334,-0.9604322389761606,-1,-1
2552,601318.SH,20181008,66.8,66.84,64.71,64.78,68.5,-3.72,-5.4307,1128444.71,7402497.487000001,-0.9766666666666666,-0.36897670189539583,-1,-1
2553,601318.SH,20181009,64.63,65.38,64.33,65.0,64.78,0.22,0.3396,486319.08,3155728.0310000004,-0.37666666666666665,-0.9168607846895853,-1,-1
2554,601318.SH,20181010,65.09,65.58,64.2,64.65,65.0,-0.35,-0.5385,582799.02,3780647.727,-0.4833333333333332,-0.06629846254984532,-1,0
2555,601318.SH,20181011,62.1,63.2,61.38,61.85,64.65,-2.8,-4.331,1145327.45,7141404.125,0.7166666666666668,0.1110383256276449,1,0
2556,601318.SH,20181012,62.5,64.25,62.3,63.87,61.85,2.02,3.266,774616.71,4901391.148,0.09666666666666668,0.22472191294034327,0,0
2557,601318.SH,20181015,63.9,64.44,63.09,63.2,63.87,-0.67,-1.0490000000000002,539743.26,3437483.874,-0.24999999999999997,0.24969255765279139,0,0
2558,601318.SH,20181016,63.35,65.18,63.33,64.0,63.2,0.8,1.2658,584034.99,3761333.74,0.5399999999999999,-0.5697881476084391,1,-1
2559,601318.SH,20181017,65.17,65.32,62.41,64.16,64.0,0.16,0.25,761401.92,4861851.848999999,1.2566666666666666,0.38447949727376307,1,1
2560,601318.SH,20181018,63.49,63.52,62.25,62.45,64.16,-1.71,-2.6652,603019.84,3788520.1289999997,1.0200000000000002,1.4934316142400106,1,1
2561,601318.SH,20181019,61.99,66.1,61.88,65.62,62.45,3.17,5.0761,1138815.16,7314843.217999999,0.21000000000000005,-0.0723955885569254,0,0
2562,601318.SH,20181022,66.01,69.42,65.62,67.93,65.62,2.31,3.5203,1616881.74,10961620.26,-0.42333333333333334,-0.3760990456740061,-1,-1
2563,601318.SH,20181023,68.0,68.32,64.88,65.51,67.93,-2.42,-3.5625,1172134.46,7814653.832,0.009999999999999934,0.09266387065251673,0,0
2564,601318.SH,20181024,65.78,67.85,65.56,66.25,65.51,0.74,1.1296,810632.05,5398315.0139999995,-1.4166666666666667,-0.5151879266897836,-1,-1
2565,601318.SH,20181025,64.2,66.66,64.2,66.66,66.25,0.41,0.6189,736202.53,4816111.1219999995,-1.2866666666666668,-1.4010627702871958,-1,-1
2566,601318.SH,20181026,66.3,66.77,64.38,65.54,66.66,-1.12,-1.6802,797411.04,5212551.961,-0.6366666666666667,-0.7172003761927286,-1,-1
2567,601318.SH,20181029,65.87,65.99,61.9,62.0,65.54,-3.54,-5.4013,1216419.42,7666491.234,0.7666666666666666,0.31516321738561,1,1
2568,601318.SH,20181030,60.0,64.63,59.5,62.8,62.0,0.8,1.2903,1269208.29,7969650.42,1.5166666666666666,0.5305408223470053,1,1
2569,601318.SH,20181031,63.01,63.95,62.16,63.63,62.8,0.83,1.3217,782835.25,4948893.033,0.9833333333333333,1.1367431207497916,1,1
2570,601318.SH,20181101,64.22,65.5,64.08,64.3,63.63,0.67,1.053,689871.09,4463737.106000001,0.8333333333333334,0.6052294119199118,1,1
2571,601318.SH,20181102,66.92,67.35,65.55,67.35,64.3,3.05,4.7434,1173949.37,7821171.766,-0.41,-0.1630566255251566,-1,0
2572,601318.SH,20181105,66.5,67.05,65.7,66.58,67.35,-0.77,-1.1433,547131.86,3634382.539,-0.09333333333333337,-0.20388533631960545,0,0
2573,601318.SH,20181106,66.2,66.8,65.8,66.8,66.58,0.22,0.3304,385081.85,2553280.683,-0.7266666666666666,-0.2606521801153818,-1,0
2574,601318.SH,20181107,66.89,67.34,65.9,66.12,66.8,-0.68,-1.018,510658.43,3393066.441,-0.48666666666666664,-0.6579622940222422,-1,-1
2575,601318.SH,20181108,66.93,67.17,66.0,66.3,66.12,0.18,0.2722,504946.17,3364558.9439999997,-0.43,-0.36471930901209504,-1,-1
2576,601318.SH,20181109,65.75,65.98,64.38,64.62,66.3,-1.68,-2.5339,544689.7,3544347.557,-0.22333333333333338,-0.03330186168352758,0,0
2577,601318.SH,20181112,64.4,65.14,63.75,64.66,64.62,0.04,0.0619,458511.64,2956910.272,0.1466666666666666,-0.306564237276713,0,-1
2578,601318.SH,20181113,63.78,65.57,63.5,65.01,64.66,0.35,0.5413,520997.95,3362080.7430000002,0.07999999999999995,0.07756914933522548,0,0
2579,601318.SH,20181114,65.05,65.09,63.6,63.95,65.01,-1.06,-1.6305,573814.07,3680152.361,-1.06,0.2952169223626455,-1,0
2580,601318.SH,20181115,64.0,65.14,63.77,65.1,63.95,1.15,1.7983,500579.86,3231462.6760000004,1.15,-1.1896861032644908,1,-1
