,ts_code,trade_date,open_x,high_x,low_x,close_x,pre_close_x,change_x,pct_chg_x,vol_x,amount_x,close_y,open_y,high_y,low_y,pre_close_y,change_y,pct_chg_y,vol_y,amount_y,ave_change,pred_ave_change,real_trend,pred_trend
1317,000002.SZ,20170714,24.45,24.83,24.36,24.59,24.43,0.16,0.65,201797.31,495832.29299999995,3222.4168,3212.0316,3222.9784,3204.8529,3218.1632,4.2536,0.1322,160126773.0,174312138.1,0.2533333333333333,0.20495023945967344,1,1
1318,000002.SZ,20170718,25.58,25.8,24.88,25.3,24.59,0.71,2.89,791833.77,2004962.4419999998,3187.5672,3159.7318,3187.671,3150.1284,3176.4648,11.1024,0.3495,190623060.0,196452361.5,-0.17333333333333334,0.053219404617945235,-1,0
1319,000002.SZ,20170719,24.85,26.06,24.43,25.14,25.3,-0.16,-0.63,1008070.7,2526934.175,3230.9762,3181.4015,3232.9408,3179.73,3187.5672,43.409,1.3618,272420726.0,269771019.5,-0.4466666666666666,-0.134650782843431,-1,-1
1320,000002.SZ,20170720,24.85,25.64,24.73,25.35,25.14,0.21,0.84,633677.05,1598967.701,3244.8647,3227.5056,3246.236,3225.4328,3230.9762,13.8885,0.4299,232108392.0,245825421.9,-0.6966666666666667,-0.42758882006009435,-1,-1
1321,000002.SZ,20170721,25.19,25.64,24.65,24.78,25.35,-0.57,-2.25,477662.55,1195588.636,3237.9817,3236.5881,3247.7122,3231.9556,3244.8647,-6.882999999999999,-0.2121,206003251.0,221956909.9,-0.45333333333333337,-0.38244267990191794,-1,-1
1322,000002.SZ,20170724,24.7,24.72,23.38,23.8,24.78,-0.98,-3.95,835260.09,2000738.2,3250.5989,3230.8979999999997,3261.1046,3230.0705,3237.9817,12.6172,0.3897,233056399.0,250631194.2,-0.26666666666666666,-0.1810746385653815,-1,-1
1323,000002.SZ,20170725,23.6,23.74,23.22,23.26,23.8,-0.54,-2.27,362654.8,849637.9190000001,3243.6894,3249.1376,3261.6454,3233.1376,3250.5989,-6.9095,-0.2126,205573873.0,213405498.9,0.12333333333333334,-0.0899644102652869,1,0
1324,000002.SZ,20170726,23.28,23.68,23.23,23.42,23.26,0.16,0.69,307159.42,719797.707,3247.6748,3244.4608,3264.8483,3228.0389,3243.6894,3.9854,0.1229,213542005.0,228460518.5,-0.016666666666666663,0.07833289603392271,0,0
1325,000002.SZ,20170727,23.45,23.63,22.94,23.0,23.42,-0.42,-1.79,426351.28,991318.7790000001,3249.7814,3243.765,3251.9261,3220.6366,3247.6748,2.1066,0.0649,228485945.0,242572081.4,0.13999999999999999,0.008717943529287847,1,0
1326,000002.SZ,20170728,23.0,23.84,23.0,23.63,23.0,0.63,2.74,412507.68,971981.311,3253.2404,3240.1728,3256.3706,3232.9634,3249.7814,3.4589999999999996,0.1064,182226880.0,198428584.0,-0.016666666666666673,-0.0884071587522826,0,0
1327,000002.SZ,20170731,23.52,23.58,23.1,23.37,23.63,-0.26,-1.1,309424.82,721127.9190000001,3273.0283,3252.7519,3276.9461,3251.1941,3253.2404,19.7879,0.6083,246039440.0,253525920.8,-0.08666666666666666,0.1074847630659738,0,1
1328,000002.SZ,20170801,23.35,23.55,23.2,23.42,23.37,0.05,0.21,209522.62,490486.919,3292.6383,3274.3685,3292.6383,3273.5038,3273.0283,19.61,0.5991,237194594.0,256419942.2,-0.19333333333333333,-0.129996948738893,-1,-1
1329,000002.SZ,20170802,23.45,24.12,23.43,23.58,23.42,0.16,0.68,353910.17,841309.695,3285.0568,3288.5183,3305.4313,3282.0377,3292.6383,-7.5815,-0.2303,266730628.0,279352341.7,-0.29,-0.14691966017087316,-1,-1
1330,000002.SZ,20170803,23.58,23.58,22.79,23.11,23.58,-0.47,-1.99,455189.39,1047661.125,3272.9286,3279.9864,3293.3686,3262.1554,3285.0568,-12.1282,-0.3692,233277004.0,243549542.7,-0.11333333333333334,-0.09563548584779118,-1,0
1331,000002.SZ,20170804,23.0,23.06,22.71,22.84,23.11,-0.27,-1.17,296123.06,676533.26,3262.0809,3269.3182,3287.1929,3261.3066,3272.9286,-10.8477,-0.3314,275906340.0,285634760.3,0.03666666666666666,-0.00760917027791354,0,0
1332,000002.SZ,20170807,22.82,23.05,22.68,22.71,22.84,-0.13,-0.57,234091.49,533908.529,3279.4566,3257.67,3280.1035,3243.7153,3262.0809,17.3757,0.5327,231173379.0,231874371.8,0.03,0.09647453943888334,0,1
1333,000002.SZ,20170808,22.81,22.81,22.58,22.77,22.71,0.06,0.26,191585.01,434919.029,3281.8728,3277.1887,3285.4833,3269.6582,3279.4566,2.4162,0.0737,252043537.0,255770184.5,-0.25,0.015181741515795264,-1,0
1334,000002.SZ,20170809,22.8,23.08,22.71,22.95,22.77,0.18,0.79,244983.95,561145.593,3275.573,3277.8083,3277.9433,3263.8468,3281.8728,-6.2998,-0.192,235597907.0,237815125.5,-0.3333333333333333,-0.28084717114766455,-1,-1
1335,000002.SZ,20170810,22.99,22.99,22.53,22.8,22.95,-0.15,-0.65,239302.29,543681.994,3261.7494,3269.7347,3282.5190000000002,3236.1829,3275.573,-13.8236,-0.42200000000000004,240684622.0,251854039.7,-0.26,-0.2281340419252715,-1,-1
1336,000002.SZ,20170811,22.6,22.69,22.0,22.02,22.8,-0.78,-3.42,344130.96,768450.896,3208.5413,3237.9222,3245.1163,3200.7481,3261.7494,-53.2081,-1.6313,262962995.0,266998262.4,-0.05333333333333334,-0.0006677984197935744,0,0
1337,000002.SZ,20170814,22.12,22.25,21.73,21.95,22.02,-0.07,-0.32,400870.39,879296.825,3237.3602,3206.0436,3240.0517,3206.0436,3208.5413,28.8189,0.8982,190346796.0,209096078.7,-0.01,0.0005680267016091662,0,0
1338,000002.SZ,20170815,21.99,22.18,21.86,22.02,21.95,0.07,0.32,247722.45,544574.594,3251.2617,3235.2298,3263.5892,3235.1013,3237.3602,13.9015,0.4294,182297997.0,204595858.6,0.26666666666666666,-0.0007441600163778945,1,0
1339,000002.SZ,20170816,22.1,22.1,21.75,21.86,22.02,-0.16,-0.73,229564.85,501790.367,3246.4512,3247.8525,3248.785,3228.8705,3251.2617,-4.8105,-0.14800000000000002,176852051.0,200832533.7,0.25333333333333335,0.2826711637775102,1,1
1340,000002.SZ,20170817,21.9,21.97,21.72,21.92,21.86,0.06,0.27,197748.76,433006.766,3268.4298,3253.8455,3269.1389,3251.4593,3246.4512,21.9786,0.677,203622551.0,228376944.2,0.43,0.18796600500742583,1,1
1341,000002.SZ,20170818,21.88,22.95,21.81,22.82,21.92,0.9,4.11,552724.8,1242948.88,3268.7243,3253.2434,3275.0763,3248.0833,3268.4298,0.2945,0.009000000000000001,191122483.0,218437740.7,0.13999999999999999,0.15892097572485595,1,1
1342,000002.SZ,20170821,22.7,22.81,22.39,22.62,22.82,-0.2,-0.88,287832.45,649571.377,3286.9055,3274.5805,3287.5186,3270.4753,3268.7243,18.1812,0.5562,186122483.0,209718592.9,0.15666666666666665,0.18791601041952757,1,1
1343,000002.SZ,20170822,22.78,23.4,22.65,23.21,22.62,0.59,2.61,504123.49,1167246.978,3290.2257,3287.6147,3293.4759999999997,3274.941,3286.9055,3.3202,0.10099999999999999,186537991.0,222927491.5,-0.003333333333333332,-0.036838654478391145,0,0
1344,000002.SZ,20170823,23.25,23.3,22.92,23.24,23.21,0.03,0.13,222221.18,514484.895,3287.7049,3283.7966,3299.4572,3274.4404,3290.2257,-2.5208,-0.0766,179832208.0,204330421.4,0.25666666666666665,0.10146395365397123,1,1
1345,000002.SZ,20170824,23.18,23.32,22.85,23.09,23.24,-0.15,-0.65,180488.96,417300.22799999994,3271.5117,3287.9594,3297.9886,3266.3589,3287.7049,-16.1932,-0.4925,163468937.0,186245056.6,0.35333333333333333,0.3620307234923044,1,1
1346,000002.SZ,20170825,23.5,23.68,23.14,23.2,23.09,0.11,0.48,483898.58,1131198.66,3331.5221,3271.4608,3331.9146,3271.4608,3271.5117,60.0104,1.8343,205839482.0,227141029.4,0.27666666666666667,0.3313512820998827,1,1
1347,000002.SZ,20170828,23.27,24.42,23.27,24.01,23.2,0.81,3.49,898477.81,2154997.9080000003,3362.6514,3336.1264,3375.0339,3336.1264,3331.5221,31.1293,0.9344,257461438.0,305319883.1,0.003333333333333339,0.026132154266039407,0,0
1348,000002.SZ,20170829,23.38,23.57,22.85,23.36,23.22,0.14,0.6,436613.54,1015608.551,3365.2261,3362.0604,3374.5947,3354.4627,3362.6514,2.5747,0.0766,219504535.0,268916094.8,-0.16,-0.01112408657868716,-1,0
1349,000002.SZ,20170830,23.52,23.58,23.23,23.24,23.36,-0.12,-0.51,337202.17,789291.579,3363.6266,3361.8207,3376.6481,3357.0803,3365.2261,-1.5995,-0.0475,246863312.0,279640796.6,-0.09333333333333332,-0.087925133307775,0,0
1350,000002.SZ,20170831,23.19,23.43,23.01,23.23,23.24,-0.01,-0.04,298893.58,694243.105,3360.8103,3361.4621,3367.3581,3340.6865,3363.6266,-2.8163,-0.0837,234419781.0,269133107.8,0.17666666666666667,0.03317568401495603,1,0
1351,000002.SZ,20170901,23.26,23.37,22.74,22.88,23.23,-0.35,-1.51,407080.29,933710.1290000001,3367.1194,3365.9913,3381.9252,3358.4724,3360.8103,6.3091,0.1877,282497584.0,313722092.7,0.3066666666666667,0.3473574260870615,1,1
1352,000002.SZ,20170904,22.9,23.04,22.69,22.96,22.88,0.08,0.35,268283.34,614727.601,3379.583,3369.7185,3381.4027,3359.1309,3367.1194,12.4636,0.3702,267427849.0,296348432.3,1.0033333333333332,0.29179768721262606,1,1
1353,000002.SZ,20170905,23.05,23.89,23.05,23.76,22.96,0.8,3.48,539792.91,1279252.9209999999,3384.317,3377.1968,3390.8233,3371.5706,3379.583,4.734,0.1401,216552946.0,245596608.3,0.6766666666666666,0.8463584301869074,1,1
1354,000002.SZ,20170906,23.79,24.27,23.5,23.8,23.76,0.04,0.17,361719.63,865955.696,3385.3888,3372.4277,3391.0105,3364.7645,3384.317,1.0718,0.0317,229090785.0,262034653.5,0.49333333333333335,0.4393148229519525,1,1
1355,000002.SZ,20170907,23.96,26.18,23.96,25.97,23.8,2.17,9.12,1274569.91,3234474.327,3365.4974,3383.6281,3387.7956,3363.1765,3385.3888,-19.8914,-0.5876,221118685.0,264037023.5,-0.23666666666666666,-0.3000801347692809,-1,-1
1356,000002.SZ,20170908,25.9,26.28,25.16,25.79,25.97,-0.18,-0.69,795767.75,2043297.94,3365.2426,3364.4275,3380.8898,3353.6876,3365.4974,-0.2548,-0.0076,198405184.0,235160227.4,-0.010000000000000009,-0.036744600733121364,0,0
1357,000002.SZ,20170911,25.61,26.39,25.03,25.28,25.79,-0.51,-1.98,582773.4,1493511.044,3376.4188,3365.3506,3384.81,3360.0462,3365.2426,11.1762,0.3321,219011019.0,256888810.5,0.7600000000000001,0.16909464607636124,1,1
1358,000002.SZ,20170912,25.03,25.47,24.82,25.26,25.28,-0.02,-0.08,442261.63,1112832.817,3379.488,3381.487,3391.0694,3370.8519,3376.4188,3.0692,0.0909,272910319.0,325024952.0,1.3466666666666667,1.0159432683388392,1,1
1359,000002.SZ,20170913,25.3,26.05,24.99,25.76,25.26,0.5,1.98,467463.77,1201265.103,3384.147,3374.7185,3387.1397,3366.5412,3379.488,4.659,0.1379,194550715.0,230733408.9,0.7600000000000001,1.1966102401415506,1,1
1360,000002.SZ,20170914,25.78,28.06,25.55,27.56,25.76,1.8,6.99,1150696.14,3120331.89,3371.4256,3383.47,3391.6435,3361.3335,3384.147,-12.7214,-0.3759,221306487.0,256744421.3,0.4033333333333333,-0.13316943635543202,1,-1
1361,000002.SZ,20170915,27.5,30.22,27.47,29.3,27.56,1.74,6.31,1550495.61,4549589.506,3353.6192,3365.1454,3365.5277,3345.3283,3371.4256,-17.8064,-0.5282,219765816.0,252910687.8,-0.19000000000000003,-0.20793931027253484,-1,-1
1362,000002.SZ,20170918,29.01,29.74,27.99,28.04,29.3,-1.26,-4.3,1063043.07,3051116.143,3362.8587,3352.5134,3371.7486,3352.5134,3353.6192,9.2395,0.2755,190319676.0,227938635.4,0.11999999999999998,0.19907051066557555,1,1
1363,000002.SZ,20170919,28.27,30.1,28.1,28.77,28.04,0.73,2.6,1196308.5,3484566.602,3356.8446,3365.5315,3370.4009,3344.7054,3362.8587,-6.0141,-0.1788,191129691.0,220728730.0,-0.32,0.09176340560118346,-1,1
1364,000002.SZ,20170920,28.5,29.55,28.0,28.73,28.77,-0.04,-0.14,613095.75,1763105.246,3365.9959,3352.1848,3370.0978,3346.5356,3356.8446,9.1513,0.2726,192196661.0,225839069.3,-0.87,-0.08544446577628467,-1,0
1365,000002.SZ,20170921,28.5,29.06,27.75,28.4,28.73,-0.33,-1.15,536324.02,1515969.57,3357.8123,3364.6977,3377.8844,3356.8754,3365.9959,-8.1836,-0.2431,197448695.0,231946124.4,-0.5466666666666665,-0.6552188586195312,-1,-1
1366,000002.SZ,20170922,28.39,28.67,27.52,27.81,28.4,-0.59,-2.08,423093.1,1184003.287,3352.5294,3347.1569,3356.4514,3334.9846,3357.8123,-5.2829,-0.1573,179234007.0,206583469.0,-0.3233333333333333,-0.337641251285871,-1,-1
1367,000002.SZ,20170925,27.2,27.2,26.1,26.12,27.81,-1.69,-6.08,722702.58,1913322.9309999999,3341.5487,3344.5886,3350.9612,3334.9438,3352.5294,-10.9807,-0.3275,169621293.0,202401690.5,0.09666666666666666,0.08636010924975066,1,0
1368,000002.SZ,20170926,26.12,27.22,26.1,26.76,26.12,0.64,2.45,593044.56,1585098.003,3343.5826,3336.3497,3347.1629,3332.5985,3341.5487,2.0339,0.0609,132628595.0,159039634.0,-0.17,-0.03249768604834888,-1,0
1369,000002.SZ,20170927,27.0,27.28,26.52,26.84,26.76,0.08,0.3,367534.16,990737.9670000001,3345.2717,3340.8219,3349.6949,3340.2989,3343.5826,1.6891,0.0505,143086945.0,168981337.7,-0.12333333333333334,-0.18266750266154622,-1,-1
1370,000002.SZ,20170928,27.0,27.15,26.4,26.41,26.84,-0.43,-1.6,262347.0,699235.16,3339.6421,3343.8446,3344.6005,3336.1784,3345.2717,-5.6296,-0.1683,149444300.0,181955627.4,0.06,-0.08535155345996234,0,0
1371,000002.SZ,20170929,26.56,26.8,26.0,26.25,26.41,-0.16,-0.61,345752.68,908847.292,3348.9431,3340.3109,3357.0154,3340.3109,3339.6421,9.301,0.2785,144862443.0,175892823.0,0.20666666666666667,0.13391569177309662,1,1
1372,000002.SZ,20171009,27.45,27.65,26.24,26.47,26.25,0.22,0.84,711737.42,1923169.657,3374.3781,3403.2458,3410.1704,3366.965,3348.9431,25.435,0.7595,191736057.0,227440593.9,0.21,0.10445666621128706,1,1
1373,000002.SZ,20171010,26.4,26.69,26.19,26.59,26.47,0.12,0.45,367101.28,970161.609,3382.9879,3373.3446,3384.0262,3358.7953,3374.3781,8.6098,0.2552,179423841.0,231148615.1,0.11333333333333333,0.09471753786007552,1,1
1374,000002.SZ,20171011,26.69,27.27,26.47,26.87,26.59,0.28,1.05,425997.39,1141669.506,3388.2838,3381.488,3395.7794,3379.1634,3382.9879,5.2959,0.1565,181476704.0,231154505.9,-0.18666666666666668,0.030397674242655312,-1,0
1375,000002.SZ,20171012,26.99,27.2,26.72,27.1,26.87,0.23,0.86,348979.7,941856.3940000001,3386.1,3385.5329,3390.2036,3372.5331,3388.2838,-2.1838,-0.0645,161809380.0,201667864.1,-0.2966666666666667,-0.19915601452191686,-1,-1
1376,000002.SZ,20171013,27.2,27.58,26.81,26.93,27.1,-0.17,-0.63,329928.03,894966.6109999999,3390.5233,3384.4883,3395.7484,3383.2392,3386.1,4.4233,0.1306,139954764.0,181118458.2,-0.16666666666666666,-0.22050564398368214,-1,-1
1377,000002.SZ,20171016,26.96,26.97,26.13,26.31,26.93,-0.62,-2.3,315008.07,833062.3309999999,3378.4704,3393.2055,3400.5113,3374.7687,3390.5233,-12.0529,-0.3555,174330620.0,221650689.8,-0.08666666666666667,0.07129050771395354,0,0
1378,000002.SZ,20171017,26.32,26.52,26.14,26.21,26.31,-0.1,-0.38,184811.06,485403.63700000005,3372.0407,3373.2342,3382.4072,3365.5646,3378.4704,-6.4297,-0.1903,125381725.0,162910828.2,-0.016666666666666666,-0.01357131024201724,0,0
1379,000002.SZ,20171018,26.21,26.56,25.61,26.43,26.21,0.22,0.84,334052.39,870086.806,3381.7937,3373.5281,3383.2323,3371.9249,3372.0407,9.753,0.2892,157228791.0,194298766.7,-0.16666666666666666,-0.0782227589686713,-1,0
1380,000002.SZ,20171019,26.44,26.57,26.01,26.05,26.43,-0.38,-1.44,202525.56,532422.122,3370.1721,3374.6444,3378.7359,3359.6284,3381.7937,-11.6216,-0.3437,158476495.0,187921292.3,0.3166666666666667,-0.07618644972642276,1,0
1381,000002.SZ,20171020,26.0,26.23,25.73,26.16,26.05,0.11,0.42,145915.37,379610.561,3378.6481,3363.5138,3379.7652,3360.1001,3370.1721,8.476,0.2515,127172851.0,155065093.9,0.42333333333333334,0.30590962986151365,1,1
1382,000002.SZ,20171023,26.17,26.2,25.77,25.93,26.16,-0.23,-0.88,197527.2,512609.825,3380.699,3382.28,3385.2853,3374.705,3378.6481,2.0509,0.0607,130846289.0,164369441.8,0.5333333333333333,0.4387790362040201,1,1
1383,000002.SZ,20171024,25.81,27.2,25.81,27.0,25.93,1.07,4.13,509187.97,1367035.3969999999,3388.2477,3376.5989,3388.6886,3374.1246,3380.699,7.5487,0.2233,139897511.0,178552878.9,0.16666666666666666,0.10292053113381057,1,1
1384,000002.SZ,20171025,27.01,28.0,26.86,27.43,27.0,0.43,1.59,445727.42,1230082.31,3396.8975,3384.8579,3398.3041,3382.0338,3388.2477,8.6498,0.2553,123131222.0,160060696.7,0.5166666666666667,0.05110661963621763,1,0
1385,000002.SZ,20171026,27.3,27.88,26.91,27.53,27.43,0.1,0.36,422766.85,1159749.1409999998,3407.5671,3397.5190000000002,3414.2415,3391.4549,3396.8975,10.6696,0.3141,183768625.0,238596126.8,0.4766666666666666,0.5442749218146006,1,1
1386,000002.SZ,20171027,27.7,28.28,27.26,27.5,27.53,-0.03,-0.11,447443.84,1241370.688,3416.8124,3404.4978,3421.1026,3402.1141,3407.5671,9.2453,0.2713,170257173.0,212377188.0,0.5499999999999999,0.4402861789862314,1,1
1387,000002.SZ,20171030,27.5,29.0,27.41,28.98,27.5,1.48,5.38,676711.06,1913212.3830000001,3390.3371,3413.8679,3419.7315,3357.2762,3416.8124,-26.4753,-0.7749,208349286.0,257776652.9,0.15666666666666665,0.08647014300028472,1,0
1388,000002.SZ,20171031,28.8,29.28,28.28,28.96,28.98,-0.02,-0.07,463277.75,1334576.822,3393.3417,3380.9990000000003,3397.0988,3376.1238,3390.3371,3.0046,0.0886,153498206.0,199929584.5,-0.25666666666666665,0.21032751123110444,-1,1
1389,000002.SZ,20171101,28.96,30.54,28.73,29.15,28.96,0.19,0.66,622931.18,1849006.197,3395.9125,3393.9678,3410.3519,3388.5978,3393.3417,2.5708,0.0758,180566127.0,231978378.2,-0.5633333333333334,-0.37697557767232276,-1,-1
1390,000002.SZ,20171102,29.3,29.48,28.68,29.45,29.15,0.3,1.03,361906.48,1053595.804,3383.3095,3391.652,3391.652,3372.2131,3395.9125,-12.603,-0.3711,166864267.0,210014970.7,-0.5333333333333333,-0.47024904211362223,-1,-1
1391,000002.SZ,20171103,29.23,29.52,28.05,28.19,29.45,-1.26,-4.28,455428.48,1305014.433,3371.7441,3377.7356,3380.57,3347.3603,3383.3095,-11.5654,-0.3418,172714790.0,207437946.2,-0.18333333333333332,-0.08458656777938221,-1,0
1392,000002.SZ,20171106,28.2,28.27,26.95,27.46,28.19,-0.73,-2.59,509485.09,1395554.475,3388.1742,3369.685,3389.3826,3356.5337,3371.7441,16.4301,0.4873,154636468.0,204311225.5,0.07,0.09319772521654753,0,1
1393,000002.SZ,20171107,27.36,27.95,27.3,27.85,27.46,0.39,1.42,379818.14,1052691.827,3413.5748,3389.4721,3415.1482,3387.9459,3388.1742,25.4006,0.7497,190571746.0,242595949.4,-0.11333333333333333,0.010139250854651007,-1,0
1394,000002.SZ,20171108,27.75,28.14,27.41,27.64,27.85,-0.21,-0.75,398661.3,1105269.5159999998,3415.4602,3409.1474,3434.4918,3404.8811,3413.5748,1.8854,0.0552,185436470.0,242025594.1,-0.19333333333333336,-0.11343949457009647,-1,-1
1395,000002.SZ,20171109,27.52,27.79,27.3,27.67,27.64,0.03,0.11,234126.98,645092.373,3427.7946,3410.6723,3428.7704,3408.6186,3415.4602,12.3344,0.3611,158650426.0,205433672.3,0.27666666666666667,-0.23945016851027823,1,-1
1396,000002.SZ,20171110,27.6,27.83,27.36,27.51,27.67,-0.16,-0.58,305912.74,841979.145,3432.6731,3423.1846,3438.7924,3414.3286,3427.7946,4.8785,0.1423,189276503.0,255772110.0,0.31,0.41081996242205293,1,1
1397,000002.SZ,20171113,27.45,27.49,26.8,27.06,27.51,-0.45,-1.64,347146.47,941038.615,3447.8358,3435.1839,3449.1638,3435.0849,3432.6731,15.1627,0.4417,205389054.0,266738129.8,0.6266666666666666,0.3094558213154474,1,1
1398,000002.SZ,20171114,27.05,28.5,26.7,28.5,27.06,1.44,5.32,735825.54,2042078.5880000002,3429.5482,3446.5453,3450.4949,3419.6919,3447.8358,-18.2876,-0.5304,196472674.0,267435423.3,0.13333333333333333,0.13229086766640333,1,1
1399,000002.SZ,20171115,28.28,28.66,27.91,28.44,28.5,-0.06,-0.21,541077.77,1532168.876,3402.5245,3416.2112,3423.7495,3396.381,3429.5482,-27.0237,-0.7879999999999999,168792076.0,239734189.1,0.15333333333333335,0.16948387334744125,1,1
1400,000002.SZ,20171116,28.35,29.38,28.32,28.94,28.44,0.5,1.76,574432.13,1663430.8080000002,3399.2503,3393.1937,3409.6532,3390.5888,3402.5245,-3.2742,-0.0962,156684332.0,220862463.0,0.9500000000000001,-0.14242756654818867,1,-1
1401,000002.SZ,20171117,28.85,29.6,28.6,28.9,28.94,-0.04,-0.14,563943.99,1639436.3180000002,3382.9075,3392.6834,3403.2855,3373.2956,3399.2503,-16.3428,-0.4808,249458153.0,313750356.1,1.2,1.2466071108977,1,1
1402,000002.SZ,20171120,28.8,29.01,27.48,28.9,28.9,0.0,0.0,395088.49,1118755.733,3392.3988,3361.3563,3393.1063,3337.116,3382.9075,9.4913,0.2806,176524683.0,228308136.8,0.8000000000000002,0.945072629849116,1,1
1403,000002.SZ,20171121,28.54,31.79,28.54,31.79,28.9,2.89,10.0,1081788.62,3289379.108,3410.4977,3382.3595,3419.802,3377.5989,3392.3988,18.0989,0.5335,196871803.0,265303849.9,0.003333333333333336,-0.2956202294429145,0,-1
1404,000002.SZ,20171122,31.9,33.08,31.54,32.5,31.79,0.71,2.23,1052969.77,3398210.521,3430.4643,3417.3313,3442.1777,3404.2865,3410.4977,19.9666,0.5854,213567093.0,273674733.4,-0.32666666666666666,-0.19802029271920538,-1,-1
1405,000002.SZ,20171123,32.42,32.74,31.02,31.3,32.5,-1.2,-3.69,580325.38,1851670.2880000002,3351.9182,3425.0093,3429.4237,3342.3324,3430.4643,-78.5461,-2.2897,215265393.0,270469024.0,-0.18333333333333335,-0.15240513940652226,-1,-1
1406,000002.SZ,20171124,31.18,32.29,30.47,31.8,31.3,0.5,1.6,524343.06,1653488.217,3353.8207,3340.3842,3360.7459,3328.3339,3351.9182,1.9025,0.0568,159569663.0,207623884.9,0.6733333333333332,-0.0761692141493163,1,0
1407,000002.SZ,20171127,31.45,32.6,30.59,31.52,31.8,-0.28,-0.88,521581.28,1640697.007,3322.2298,3346.6567,3347.0506,3315.2642,3353.8207,-31.5909,-0.9419,166439170.0,205803398.5,-0.10000000000000009,1.226992795864741,-1,1
1408,000002.SZ,20171128,31.09,31.35,30.1,30.75,31.52,-0.77,-2.44,405786.49,1243495.707,3333.657,3311.2322,3333.7998,3300.7808,3322.2298,11.4272,0.344,138247799.0,167062933.4,-0.006666666666666747,0.10690297673145918,0,1
1409,000002.SZ,20171129,30.78,33.83,30.28,33.82,30.75,3.07,9.98,897712.59,2894400.95,3337.862,3335.5671,3343.0624,3305.5721,3333.657,4.205,0.1261,183805932.0,217769438.1,-0.9899999999999999,-0.7567582090695701,-1,-1
1410,000002.SZ,20171130,33.1,33.4,30.68,31.22,33.82,-2.6,-7.69,1000665.49,3213854.4039999996,3317.1884,3328.6427,3340.9201,3306.2832,3337.862,-20.6736,-0.6194,156595851.0,192076785.1,-0.06333333333333334,-0.25454362591107704,0,-1
1411,000002.SZ,20171201,30.5,32.03,30.5,30.73,31.22,-0.49,-1.57,557438.55,1733100.368,3317.6174,3315.1051,3324.5161,3302.4398,3317.1884,0.429,0.0129,139198300.0,177490258.0,0.013333333333333327,-0.01555648346742007,0,0
1412,000002.SZ,20171204,30.6,31.3,29.9,30.85,30.73,0.12,0.39,379890.01,1160069.2759999998,3309.6183,3310.3814,3323.9961,3304.1034,3317.6174,-7.9991,-0.2411,148053288.0,185025359.6,-0.3,0.1613760752479234,-1,1
1413,000002.SZ,20171205,30.6,31.48,30.2,31.03,30.85,0.18,0.58,564302.01,1747240.9219999998,3303.6751,3301.6906,3315.7373,3300.5117,3309.6183,-5.9432,-0.1796,208278862.0,243489600.1,-0.4033333333333333,-0.4350987376769386,-1,-1
1414,000002.SZ,20171206,30.73,31.2,30.26,30.77,31.03,-0.26,-0.84,389794.45,1197517.7240000002,3293.9648,3291.3128,3296.2013,3254.6108,3303.6751,-9.7103,-0.2939,151604452.0,179174378.9,-0.27999999999999997,-0.34421930631001807,-1,-1
1415,000002.SZ,20171207,30.57,31.9,29.9,29.95,30.77,-0.82,-2.66,590007.16,1807843.249,3272.0542,3283.2791,3291.2817,3259.1637,3293.9648,-21.9106,-0.6652,132105900.0,161764588.9,-0.12666666666666668,-0.004389541645844906,-1,0
1416,000002.SZ,20171208,29.38,29.88,29.05,29.82,29.95,-0.13,-0.43,588187.18,1731418.639,3289.9924,3264.4776,3297.1304,3258.7593,3272.0542,17.9382,0.5482,133209314.0,165761649.8,0.04,-0.1101752360661826,0,-1
1417,000002.SZ,20171211,29.82,29.95,29.3,29.93,29.82,0.11,0.37,502135.46,1487020.649,3322.1956,3290.4881,3322.6736,3288.2949,3289.9924,32.2032,0.9788,131965984.0,172986431.4,0.060000000000000005,-0.0708466168244681,0,0
1418,000002.SZ,20171212,29.73,30.36,29.51,29.57,29.93,-0.36,-1.2,467638.92,1401462.6940000001,3280.8136,3320.3103,3320.3103,3280.3291,3322.1956,-41.382,-1.2456,124604827.0,160978615.2,-0.15333333333333332,0.15460158030192045,-1,1
1419,000002.SZ,20171213,29.57,30.1,29.35,29.94,29.57,0.37,1.25,334953.94,998153.483,3303.0373,3278.3968,3304.0101,3273.3248,3280.8136,22.2237,0.6774,111998647.0,145295312.0,-0.49333333333333335,-0.30062528123458243,-1,-1
1420,000002.SZ,20171214,29.94,30.37,29.85,30.11,29.94,0.17,0.57,382067.77,1150698.146,3292.4385,3302.9322,3309.5295,3282.5732,3303.0373,-10.5988,-0.3209,120544235.0,151346087.7,-0.31666666666666665,-0.4530267055829368,-1,-1
1421,000002.SZ,20171215,30.12,30.12,29.1,29.11,30.11,-1.0,-3.32,396229.18,1165712.213,3266.1371,3287.5292,3287.5292,3259.3883,3292.4385,-26.3014,-0.7988,130940618.0,161877917.4,-0.17000000000000004,-0.027492748399575682,-1,0
1422,000002.SZ,20171218,29.11,29.26,28.04,28.46,29.11,-0.65,-2.23,421286.94,1207131.428,3267.9224,3268.0335,3280.5438,3254.1775,3266.1371,1.7853,0.0547,120700389.0,149738224.1,0.42,0.01773785750071195,1,0
1423,000002.SZ,20171219,28.66,29.25,28.4,29.16,28.46,0.7,2.46,340084.1,981540.6479999999,3296.5384,3266.0191,3296.9398,3266.0191,3267.9224,28.616,0.8757,115140134.0,150786582.7,0.23,0.19921147714058549,1,1
1424,000002.SZ,20171220,29.09,29.1,28.52,28.6,29.16,-0.56,-1.92,329026.69,943187.281,3287.6057,3296.7403,3300.2124,3276.1201,3296.5384,-8.9327,-0.271,137745118.0,167961847.9,0.59,0.22685437510410933,1,1
1425,000002.SZ,20171221,28.72,30.19,28.63,29.72,28.6,1.12,3.92,595163.86,1756898.8669999999,3300.0593,3281.1179,3309.2233,3267.4042,3287.6057,12.4536,0.3788,142127927.0,173740095.6,0.26,0.09540205279986051,1,1
1426,000002.SZ,20171222,29.6,30.2,29.57,29.85,29.72,0.13,0.44,342206.42,1023085.433,3297.063,3297.6852,3307.3276,3293.4415,3300.0593,-2.9963,-0.0908,124047326.0,152099443.9,0.3133333333333333,0.24716416279474884,1,1
1427,000002.SZ,20171225,30.3,31.33,30.27,30.37,29.85,0.52,1.74,506382.57,1561915.0690000001,3280.461,3296.2106,3312.2998,3270.4407,3297.063,-16.602,-0.5035,146893635.0,177293589.9,0.10999999999999999,0.04441339443127302,1,0
1428,000002.SZ,20171226,30.49,30.8,30.12,30.5,30.37,0.13,0.43,278845.61,850307.97,3306.1246,3277.8372,3307.2994,3274.3274,3280.461,25.6636,0.7823,142434501.0,174679263.8,0.18666666666666665,0.13934889356295257,1,1
1429,000002.SZ,20171227,30.55,31.09,30.4,30.79,30.5,0.29,0.95,395488.84,1218292.9679999999,3275.7828,3302.4612,3307.0798,3270.349,3306.1246,-30.3418,-0.9177,162674890.0,198264675.2,0.59,0.1754194180170694,1,1
1430,000002.SZ,20171228,30.4,30.84,29.87,30.7,30.79,-0.09,-0.29,367316.18,1117505.168,3296.3847,3272.2913,3304.0962,3263.7282,3275.7828,20.6019,0.6289,175371670.0,208019859.6,0.5433333333333333,0.663619536558787,1,1
1431,000002.SZ,20171229,30.75,31.71,30.74,31.06,30.7,0.36,1.17,385307.4,1204645.832,3307.1721,3295.2461,3308.2249,3292.7699,3296.3847,10.7874,0.3272,141586836.0,170356755.1,0.6866666666666666,0.28694798390070586,1,1
1432,000002.SZ,20180102,31.45,32.99,31.45,32.56,31.06,1.5,4.83,683433.5,2218502.766,3348.3259,3314.0307,3349.053,3314.0307,3307.1721,41.1538,1.2444,202278860.0,227788461.1,0.7333333333333334,0.2904297987620035,1,1
1433,000002.SZ,20180103,32.5,33.78,32.23,32.33,32.56,-0.23,-0.71,646870.2,2130249.691,3369.1084,3347.7428,3379.9152,3345.2887,3348.3259,20.7825,0.6207,213836149.0,258366523.2,1.22,0.8626897672812144,1,1
1434,000002.SZ,20180104,32.76,33.53,32.1,33.12,32.33,0.79,2.44,529085.8,1740602.533,3385.7102,3371.0,3392.8264,3365.2954,3369.1084,16.6018,0.4928,206955288.0,243090768.7,0.9066666666666667,0.890971180597941,1,1
1435,000002.SZ,20180105,32.98,35.88,32.8,34.76,33.12,1.64,4.95,843101.96,2916787.8710000003,3391.7501,3386.4640000000004,3402.0694,3380.245,3385.7102,6.0399,0.1784,213060681.0,248187840.5,0.30333333333333334,0.3401689348618189,1,1
1436,000002.SZ,20180108,35.11,36.96,35.11,35.99,34.76,1.23,3.54,830783.59,2994515.8710000003,3409.4795,3391.5528,3412.7307,3384.5591,3391.7501,17.7294,0.5227,236165106.0,286213219.1,-0.28,-0.11201978524525974,-1,-1
1437,000002.SZ,20180109,35.63,36.11,34.95,35.84,35.99,-0.15,-0.42,478459.09,1700947.8930000002,3413.8996,3406.1116,3417.2278,3403.5869,3409.4795,4.4201,0.1296,191488551.0,238249975.1,-0.09666666666666668,-0.22698884626229618,0,-1
1438,000002.SZ,20180110,35.6,36.7,35.5,35.67,35.84,-0.17,-0.47,453695.91,1633034.914,3421.8343,3414.1128,3430.2139,3398.8423,3413.8996,7.9347,0.2324,209094997.0,254515441.3,0.47333333333333333,0.2386625717083612,1,1
1439,000002.SZ,20180111,35.55,35.78,34.54,35.15,35.67,-0.52,-1.46,402483.81,1411859.648,3425.3449,3415.585,3426.4829,3405.639,3421.8343,3.5106,0.1026,173812133.0,218414134.1,1.6833333333333333,0.9650932935873667,1,1
1440,000002.SZ,20180112,35.1,36.62,35.09,35.55,35.15,0.4,1.14,537013.33,1927916.4719999998,3428.9407,3423.8793,3435.4239,3417.9802,3425.3449,3.5958,0.105,174063404.0,215961455.7,1.406666666666667,1.8176804498831431,1,1
1441,000002.SZ,20180115,35.84,38.0,35.61,37.09,35.55,1.54,4.33,757186.09,2784027.858,3410.4882,3428.9508,3442.5008,3402.312,3428.9407,-18.4525,-0.5381,232009283.0,286362732.9,0.89,0.5936430935064951,1,1
1442,000002.SZ,20180116,36.5,40.7,36.4,40.2,37.09,3.11,8.39,978464.78,3763499.498,3436.594,3403.4694,3437.5827,3401.9606,3410.4882,26.1058,0.7655,211475468.0,266578815.2,-0.26,-0.20502467145522452,-1,-1
1443,000002.SZ,20180117,39.48,40.6,38.3,39.77,40.2,-0.43,-1.07,812191.93,3199234.88,3444.6713,3438.5762,3465.2049,3430.5114,3436.594,8.0773,0.235,261045030.0,316532678.9,-0.08000000000000002,-0.15279779096444462,0,-1
1444,000002.SZ,20180118,39.6,40.64,38.9,39.76,39.77,-0.01,-0.03,558848.4,2226747.475,3474.7540000000004,3449.881,3476.546,3448.7885,3444.6713,30.0827,0.8733,220039555.0,267692640.5,0.4066666666666667,-0.009111633201440305,1,0
1445,000002.SZ,20180119,39.85,41.09,39.25,39.42,39.76,-0.34,-0.86,548758.23,2207882.77,3487.864,3481.62,3498.4341,3474.2915,3474.7540000000004,13.11,0.3773,247536733.0,294189072.4,0.57,0.9986663715044657,1,1
1446,000002.SZ,20180122,39.0,39.84,38.51,39.53,39.42,0.11,0.28,406526.41,1597213.093,3501.3622,3476.9939,3503.3857,3475.673,3487.864,13.4982,0.387,217487534.0,261295714.1,0.22333333333333327,0.3575711605946222,1,1
1447,000002.SZ,20180123,40.0,41.51,39.99,40.98,39.53,1.45,3.67,648657.5,2653177.559,3546.5048,3504.3439,3547.2222,3504.3439,3501.3622,45.1426,1.2893,238705904.0,282091889.3,-0.31333333333333335,-0.49612751921017983,-1,-1
1448,000002.SZ,20180124,40.7,42.24,40.46,41.13,40.98,0.15,0.37,542629.59,2236496.975,3559.4653,3553.4787,3569.4891,3527.1119,3546.5048,12.9605,0.3654,252954496.0,307629217.1,-0.8533333333333334,-0.21888527144988393,-1,-1
1449,000002.SZ,20180125,41.12,41.12,38.8,40.2,41.13,-0.93,-2.26,648064.57,2577574.871,3548.3070000000002,3555.1677,3571.4805,3528.0349,3559.4653,-11.1583,-0.3135,243413422.0,287989535.0,-1.28,-0.40920450886090615,-1,-1
1450,000002.SZ,20180126,40.0,40.66,39.12,40.04,40.2,-0.16,-0.4,410062.37,1640757.7,3558.1288,3535.4931,3574.9048,3534.1952,3548.3070000000002,9.8218,0.2768,222698295.0,258149514.6,-0.8266666666666665,-0.7506644052763782,-1,-1
1451,000002.SZ,20180129,40.38,40.56,38.09,38.57,40.04,-1.47,-3.67,597862.74,2338982.473,3523.0007,3563.64,3587.0323,3510.2689,3558.1288,-35.1281,-0.9873,236026965.0,285417004.4,-0.3566666666666667,-0.40835574229558325,-1,-1
1452,000002.SZ,20180130,38.0,38.0,36.27,36.36,38.57,-2.21,-5.73,908234.42,3355539.693,3488.009,3511.5005,3523.0513,3484.6556,3523.0007,-34.9917,-0.9932,186369975.0,224681692.5,0.34,0.02284689346949247,1,0
1453,000002.SZ,20180131,36.61,37.76,35.62,37.56,36.36,1.2,3.3,898147.86,3297773.29,3480.8334,3470.5089,3495.4533,3454.7259,3488.009,-7.1756,-0.2057,207253403.0,242657958.6,-0.19000000000000003,-0.012104459901650875,-1,0
1454,000002.SZ,20180201,37.5,38.04,36.9,37.5,37.56,-0.06,-0.16,635425.38,2380069.195,3446.9799,3478.6701,3495.0933,3424.4188,3480.8334,-33.8535,-0.9726,260504707.0,292882256.3,-0.5599999999999999,-0.2797321092089019,-1,-1
1455,000002.SZ,20180202,36.5,37.9,35.8,37.38,37.5,-0.12,-0.32,596793.68,2208198.824,3462.0808,3419.2249,3463.1639,3388.8597,3446.9799,15.1009,0.4381,208120551.0,236278755.6,-1.4666666666666668,-0.5530610819657645,-1,-1
1456,000002.SZ,20180205,36.8,38.06,36.31,36.99,37.38,-0.39,-1.04,552634.72,2046513.9309999999,3487.4970000000003,3411.6698,3487.7211,3406.2405,3462.0808,25.4162,0.7341,217673754.0,252198769.3,-1.4133333333333333,-0.6449658018847308,-1,-1
1457,000002.SZ,20180206,35.93,36.1,34.88,35.82,36.99,-1.17,-3.16,699836.71,2489127.586,3370.652,3418.01,3440.1240000000003,3364.2163,3487.4970000000003,-116.845,-3.3504,280555477.0,318818541.8,-1.5166666666666666,-0.8807216731210552,-1,-1
1458,000002.SZ,20180207,36.43,36.58,32.5,32.98,35.82,-2.84,-7.93,952129.68,3283016.479,3309.2598,3412.7441,3425.5377,3304.007,3370.652,-61.3922,-1.8214,260939714.0,295264429.9,-0.36000000000000004,-0.6861135164399944,-1,-1
1459,000002.SZ,20180208,33.0,33.88,32.49,32.75,32.98,-0.23,-0.7,580805.14,1920999.544,3262.0504,3281.0458,3307.1623,3225.7117,3309.2598,-47.2094,-1.4266,201262499.0,222348685.3,-0.006666666666666672,-0.35192178299029686,0,-1
1460,000002.SZ,20180209,31.5,31.96,30.2,31.27,32.75,-1.48,-4.52,724944.9,2259035.363,3129.8508,3172.8509,3180.11,3062.7426,3262.0504,-132.1996,-4.0527,256389176.0,272095086.8,0.6333333333333333,0.10693333874146133,1,1
1461,000002.SZ,20180212,31.43,32.32,31.31,31.9,31.27,0.63,2.01,407654.31,1297185.205,3154.1254,3128.3709,3168.1258,3113.6054,3129.8508,24.2746,0.7756,153310831.0,171003182.2,0.6,0.11243696669737487,1,1
1462,000002.SZ,20180213,32.28,33.79,32.28,32.73,31.9,0.83,2.6,454668.11,1500999.45,3184.9587,3176.1066,3219.2169,3176.1066,3154.1254,30.8333,0.9776,151527597.0,172045207.0,0.6633333333333333,0.22549961308638244,1,1
1463,000002.SZ,20180214,32.87,33.32,32.17,33.17,32.73,0.44,1.34,270175.5,884454.4240000001,3199.1589,3188.2475,3203.4967,3171.3836,3184.9587,14.2002,0.4459,100322827.0,114552203.0,0.33666666666666667,0.213699292341868,1,1
1464,000002.SZ,20180222,34.0,34.05,33.33,33.7,33.17,0.53,1.6,302373.26,1019234.56,3268.5589,3237.5692,3269.9156,3234.1152,3199.1589,69.4,2.1693,138730445.0,157303882.5,-0.26666666666666666,0.04532859216133741,-1,0
1465,000002.SZ,20180223,33.9,35.1,33.33,34.72,33.7,1.02,3.03,384538.9,1323487.16,3289.0241,3275.429,3294.1338,3258.4878,3268.5589,20.4652,0.6261,145790368.0,159502514.8,-0.6733333333333333,-0.4699933620293937,-1,-1
1466,000002.SZ,20180226,35.07,35.1,33.11,34.18,34.72,-0.54,-1.56,540655.01,1832518.3190000001,3329.5737,3307.295,3335.9856,3281.615,3289.0241,40.5496,1.2329,188568602.0,213333034.9,-0.59,-0.33101297338803626,-1,-1
1467,000002.SZ,20180227,34.2,34.28,32.65,32.9,34.18,-1.28,-3.74,506598.14,1683177.664,3292.0679,3328.6719,3328.6719,3284.6293,3329.5737,-37.5058,-1.1264,174219368.0,204394381.5,-0.20666666666666667,-0.16322417368491504,-1,-1
1468,000002.SZ,20180228,32.51,33.23,31.84,32.7,32.9,-0.2,-0.61,500004.47,1621987.601,3259.408,3264.0585,3277.8324,3239.8438,3292.0679,-32.6599,-0.9921,151043536.0,180233815.2,-0.17333333333333334,-0.14384487887223577,-1,-1
1469,000002.SZ,20180301,32.17,33.09,32.02,32.41,32.7,-0.29,-0.89,336064.32,1092337.514,3273.7549,3235.0887,3280.1491,3228.5848,3259.408,14.3469,0.4402,159098320.0,185277782.0,0.42,-0.16579181810220098,1,-1
1470,000002.SZ,20180302,32.0,32.73,31.51,32.28,32.41,-0.13,-0.4,322838.49,1038873.9240000001,3254.5283,3248.4464,3269.9377,3242.2669,3273.7549,-19.2266,-0.5873,150861063.0,178602991.9,0.20666666666666664,0.3576515171925226,1,1
1471,000002.SZ,20180305,32.49,33.15,32.07,32.18,32.28,-0.1,-0.31,373354.38,1213151.363,3256.9263,3255.8713,3269.3999,3236.7172,3254.5283,2.398,0.0737,144835988.0,174148634.5,0.48666666666666664,0.16139216939608245,1,1
1472,000002.SZ,20180306,32.35,33.71,32.01,33.67,32.18,1.49,4.63,581008.06,1912870.91,3289.6419,3266.4868,3290.2534,3243.6540000000005,3256.9263,32.7156,1.0045,195358046.0,224381789.5,-0.07,0.014793427387873205,0,0
1473,000002.SZ,20180307,33.44,33.92,32.8,32.9,33.67,-0.77,-2.29,387992.55,1292495.378,3271.6683,3288.8645,3308.4063,3264.7639,3289.6419,-17.9736,-0.5464,168665019.0,193489335.4,-0.09333333333333331,0.20149330774943022,0,1
1474,000002.SZ,20180308,33.4,33.74,32.85,33.64,32.9,0.74,2.25,351022.54,1175142.105,3288.4055,3268.3468,3289.4974,3261.5524,3271.6683,16.7372,0.5116,149827519.0,175895391.2,-0.3866666666666667,-0.38559519251187657,-1,-1
1475,000002.SZ,20180309,33.87,33.91,33.34,33.46,33.64,-0.18,-0.54,325102.39,1092069.971,3307.1656,3291.4258,3309.7153,3283.5591,3288.4055,18.7601,0.5705,168424509.0,202349181.9,-0.25333333333333335,-0.20017827828725193,-1,-1
1476,000002.SZ,20180312,33.54,33.68,32.35,32.62,33.46,-0.84,-2.51,606208.29,1979204.52,3326.6992,3319.2089,3333.5611,3313.5552,3307.1656,19.5336,0.5906,206532436.0,247894176.2,0.013333333333333329,-0.04011626770099017,0,0
1477,000002.SZ,20180313,32.59,32.84,32.37,32.48,32.62,-0.14,-0.43,220920.41,719093.277,3310.2389,3324.1215,3333.8754,3307.3764,3326.6992,-16.4603,-0.4948,177114353.0,202375117.0,0.049999999999999996,0.021986598471800362,0,0
1478,000002.SZ,20180314,32.44,32.95,32.2,32.7,32.48,0.22,0.68,315833.0,1031091.8759999999,3291.3819,3298.6655,3304.9787,3287.3558,3310.2389,-18.857,-0.5697,157491085.0,183457630.4,-0.37333333333333335,-0.0848460145791373,-1,0
1479,000002.SZ,20180315,32.5,33.1,32.41,32.66,32.7,-0.04,-0.12,252215.34,825259.6059999999,3291.112,3277.5143,3297.0981,3273.2008,3291.3819,-0.2699,-0.0082,148573606.0,179516618.1,-0.44,-0.3714601929982505,-1,-1
1480,000002.SZ,20180316,32.58,33.35,32.5,32.63,32.66,-0.03,-0.09,337572.15,1111490.314,3269.8821,3290.2090000000003,3300.5654,3269.2826,3291.112,-21.2299,-0.6451,141203647.0,167761534.9,-0.3233333333333333,-0.3854647271831832,-1,-1
1481,000002.SZ,20180319,32.57,32.58,31.52,31.58,32.63,-1.05,-3.22,366967.49,1166386.364,3279.2517,3264.9281,3280.5673,3251.0471,3269.8821,9.3696,0.2865,137954980.0,169772207.0,-0.13333333333333333,0.03750055829683927,-1,0
1482,000002.SZ,20180320,31.4,31.59,30.75,31.34,31.58,-0.24,-0.76,290117.65,903296.819,3290.6399,3257.2188,3292.5742,3252.4333,3279.2517,11.3882,0.3473,139881081.0,166979881.4,-0.08999999999999998,-0.1288217334945998,0,-1
1483,000002.SZ,20180321,31.47,32.15,31.31,31.66,31.34,0.32,1.02,331725.74,1055783.63,3280.9521,3299.7309999999998,3314.2090000000003,3268.8779,3290.6399,-9.6878,-0.2944,168398277.0,208617686.7,-0.44333333333333336,-0.17822072376807546,-1,-1
1484,000002.SZ,20180322,31.8,31.88,31.04,31.18,31.66,-0.48,-1.52,235787.08,739606.988,3263.4803,3281.265,3288.7967,3242.7619,3280.9521,-17.4718,-0.5325,150432977.0,184471728.8,-0.053333333333333344,-0.2957159953316054,0,-1
1485,000002.SZ,20180323,30.02,31.07,29.21,31.07,31.18,-0.11,-0.35,505125.39,1527314.429,3152.7608,3172.772,3188.2351,3110.6637,3263.4803,-110.7195,-3.3927,275532013.0,293405066.0,0.08666666666666666,-0.07690726210673664,0,0
1486,000002.SZ,20180326,30.76,30.79,29.9,30.33,31.07,-0.74,-2.38,338288.96,1021310.9709999999,3133.7218,3117.3192,3134.2759,3091.4575,3152.7608,-19.039,-0.6039,186366350.0,215910259.1,1.2766666666666666,0.23117297152678162,1,1
1487,000002.SZ,20180327,30.89,31.87,30.71,31.02,30.33,0.69,2.28,578853.91,1803144.937,3166.6488,3164.7976,3172.7777,3143.5695,3133.7218,32.927,1.0507,189073383.0,227085087.3,0.7566666666666667,0.9596194569269816,1,1
1488,000002.SZ,20180328,30.51,32.15,30.3,31.33,31.02,0.31,1.0,426728.97,1341512.9170000001,3122.2895,3130.5711,3165.2126,3117.5336,3166.6488,-44.3593,-1.4008,163500488.0,208617851.7,0.7200000000000001,0.397582354346911,1,1
1489,000002.SZ,20180329,31.54,34.46,31.03,34.16,31.33,2.83,9.03,999700.72,3311802.728,3160.5306,3127.2628,3174.5089,3098.2465,3122.2895,38.2411,1.2248,170312384.0,210920223.3,-0.1733333333333333,-0.25084539612134316,-1,-1
1490,000002.SZ,20180330,33.7,33.99,33.17,33.29,34.16,-0.87,-2.55,572692.05,1918089.36,3168.8966,3161.7856,3177.7208,3152.8888,3160.5306,8.366,0.2647,154646596.0,196006696.9,-0.16333333333333333,0.13930061111847547,-1,1
1491,000002.SZ,20180402,33.65,34.47,33.32,33.49,33.29,0.2,0.6,531635.65,1801173.138,3163.179,3169.7787,3192.3403,3159.986,3168.8966,-5.7176,-0.1804,177727777.0,226253566.4,-0.6233333333333333,-0.37272478212912896,-1,-1
1492,000002.SZ,20180403,33.2,34.1,32.52,33.64,33.49,0.15,0.45,431945.71,1440337.6369999999,3136.6332,3130.013,3144.3321,3119.1321,3163.179,-26.5458,-0.8392,152216674.0,189692715.2,-0.48666666666666664,-0.4307804836829505,-1,-1
1493,000002.SZ,20180404,32.3,33.95,32.1,32.8,33.64,-0.84,-2.5,584509.65,1927433.7040000001,3131.1114,3147.0491,3163.3404,3128.8668,3136.6332,-5.5218,-0.17600000000000002,146976682.0,193492824.2,-0.0633333333333333,-0.18462391187747335,0,-1
1494,000002.SZ,20180409,32.7,32.76,30.96,31.62,32.8,-1.18,-3.6,478119.4,1510647.265,3138.2936,3125.4415,3146.0926,3110.3025,3131.1114,7.1822,0.2294,139608621.0,177236920.1,0.07666666666666666,0.21483147571484237,0,1
1495,000002.SZ,20180410,31.52,32.18,31.06,32.18,31.62,0.56,1.77,477145.43,1517032.39,3190.3216,3144.2568,3190.6492,3139.0807,3138.2936,52.028,1.6578,168201359.0,206087413.1,-0.31,-0.08645554353793476,-1,0
1496,000002.SZ,20180411,32.15,33.24,31.73,32.61,32.18,0.43,1.34,485930.43,1578103.542,3208.0818,3197.3719,3220.8453,3191.5865,3190.3216,17.7602,0.5567,175867197.0,211420424.0,-0.86,-0.4256401725610099,-1,-1
1497,000002.SZ,20180412,32.57,32.86,31.75,31.85,32.61,-0.76,-2.33,335219.99,1079000.357,3180.1583,3203.2782,3205.2522,3177.0492,3208.0818,-27.9235,-0.8704,148231313.0,185040054.6,-0.6433333333333333,-0.5291917481025061,-1,-1
1498,000002.SZ,20180413,32.16,32.24,31.03,31.25,31.85,-0.6,-1.88,351572.61,1102968.777,3159.0521,3192.0418,3197.8959,3155.5058,3180.1583,-21.1062,-0.6637,127552310.0,163651750.6,-0.4033333333333333,-0.32788682778676365,-1,-1
1499,000002.SZ,20180416,31.2,31.23,29.56,30.03,31.25,-1.22,-3.9,528068.65,1588112.26,3110.6489,3152.8882,3153.1063,3096.1003,3159.0521,-48.4032,-1.5322,154415695.0,192233349.2,0.06666666666666667,-0.14495822866757724,0,-1
1500,000002.SZ,20180417,30.16,30.55,29.6,29.92,30.03,-0.11,-0.37,258197.72,775976.183,3066.7967,3112.9747,3118.7596,3064.0281,3110.6489,-43.8522,-1.4097,147222846.0,185428029.3,0.07666666666666666,-0.004624904294808834,0,0
1501,000002.SZ,20180418,30.29,30.69,29.74,30.04,29.92,0.12,0.4,328835.33,989193.213,3091.3987,3091.9095,3096.889,3041.625,3066.7967,24.601999999999997,0.8022,159290503.0,202238970.0,-0.043333333333333335,-0.0015058355530104324,0,0
1502,000002.SZ,20180419,30.33,30.53,30.03,30.23,30.04,0.19,0.63,256275.25,776421.7740000001,3117.3759999999997,3094.2738,3127.4389,3090.2867,3091.3987,25.9773,0.8403,160056805.0,196198984.7,0.2333333333333333,-0.20091039081414555,1,-1
1503,000002.SZ,20180420,30.18,30.5,29.92,30.15,30.23,-0.08,-0.26,254795.46,769678.4559999999,3071.5425,3105.4617,3111.1707,3065.9214,3117.3759999999997,-45.8335,-1.4703,155147091.0,185139069.1,-0.010000000000000009,0.20096242914597182,0,1
1504,000002.SZ,20180423,29.88,30.29,29.79,29.91,30.15,-0.24,-0.8,201714.25,605310.89,3068.012,3063.4427,3085.0573,3045.9369,3071.5425,-3.5305,-0.1149,131686340.0,157854795.1,-0.47000000000000003,0.015434225598970923,-1,0
1505,000002.SZ,20180424,29.85,31.1,29.8,30.93,29.91,1.02,3.41,469832.12,1447945.429,3128.9271,3069.7455,3136.0395,3069.7455,3068.012,60.9151,1.9855,162274806.0,195545006.1,-0.8433333333333334,-0.6555393718679748,-1,-1
1506,000002.SZ,20180425,30.65,30.65,29.96,30.12,30.93,-0.81,-2.62,397684.18,1199524.613,3117.9739,3112.3978,3122.9082,3107.0008,3128.9271,-10.9532,-0.3501,127311053.0,161298141.7,-0.8133333333333335,-0.45148189564545965,-1,-1
1507,000002.SZ,20180426,30.3,30.3,28.26,28.5,30.12,-1.62,-5.38,812262.55,2348260.6459999997,3075.0301,3119.4962,3121.9334,3067.9286,3117.9739,-42.9438,-1.3773,133972736.0,163783774.6,-0.38999999999999996,-0.31876589735349037,-1,-1
1508,000002.SZ,20180427,28.66,28.75,27.42,28.4,28.5,-0.1,-0.35,381958.29,1071392.412,3082.2316,3082.4148,3088.0347,3049.9139,3075.0301,7.2015,0.2342,131225643.0,179520260.0,-0.4966666666666666,-0.31636353184779503,-1,-1
1509,000002.SZ,20180502,28.4,28.66,27.63,27.68,28.4,-0.72,-2.54,397170.81,1111292.763,3081.1773,3087.4086,3097.6039,3064.763,3082.2316,-1.0543,-0.0342,134184566.0,168246153.0,-0.10000000000000002,-0.2981231548388801,-1,-1
1510,000002.SZ,20180503,27.65,27.66,26.56,27.33,27.68,-0.35,-1.26,542419.86,1466857.435,3100.8586,3074.5165,3105.6598,3056.1573,3081.1773,19.6813,0.6388,139985620.0,173444959.1,0.45333333333333337,-0.11625962307055805,1,-1
1511,000002.SZ,20180504,27.26,27.56,26.81,26.91,27.33,-0.42,-1.54,425383.6,1154814.762,3091.0334,3093.1169,3104.0925,3086.7845,3100.8586,-9.8252,-0.3169,118711265.0,148436363.4,0.43,0.4303792605797449,1,1
1512,000002.SZ,20180507,27.01,27.51,26.72,27.38,26.91,0.47,1.75,408453.67,1110387.754,3136.6448,3094.8989,3136.8363,3091.6579,3091.0334,45.6114,1.4756,138948186.0,178243870.0,0.23,0.07614101002613692,1,0
1513,000002.SZ,20180508,27.4,28.86,27.33,28.69,27.38,1.31,4.78,655817.53,1857899.321,3161.4976,3135.2957,3169.7014,3134.0621,3136.6448,24.8528,0.7923,146927061.0,189011647.4,-0.25,-0.2182250689466796,-1,-1
1514,000002.SZ,20180509,28.5,28.5,28.0,28.2,28.69,-0.49,-1.71,409030.79,1152922.298,3159.1502,3160.1382,3165.3733,3145.6574,3161.4976,-2.3474,-0.0742,122637268.0,153456426.2,-0.08666666666666667,-0.029804484446843596,0,0
1515,000002.SZ,20180510,28.32,28.53,27.7,28.07,28.2,-0.13,-0.46,429639.57,1204133.432,3174.4127,3169.0498,3176.1376,3155.5331,3159.1502,15.2625,0.4831,133000756.0,165440363.9,-0.10666666666666667,-0.05390575667222354,-1,0
1516,000002.SZ,20180511,28.1,28.19,27.73,27.94,28.07,-0.13,-0.46,318303.73,889939.605,3163.2632,3179.7967,3180.7564,3162.2121,3174.4127,-11.1495,-0.3512,130659749.0,167364290.4,-0.23666666666666666,-0.008697522779305904,-1,0
1517,000002.SZ,20180514,28.08,28.29,27.87,27.94,27.94,0.0,0.0,350838.54,984200.058,3174.032,3167.0418,3183.8159,3163.4759999999997,3163.2632,10.7688,0.3404,129327353.0,172410691.1,-0.3833333333333333,-0.19863837649424887,-1,-1
1518,000002.SZ,20180515,28.11,28.15,27.34,27.75,27.94,-0.19,-0.68,405069.26,1120666.813,3192.1183,3180.4245,3192.8069,3164.5181,3174.032,18.0863,0.5698,124549051.0,162990790.0,-0.19999999999999998,-0.28583761264880514,-1,-1
1519,000002.SZ,20180516,27.55,27.75,27.21,27.23,27.75,-0.52,-1.87,373238.06,1020836.429,3169.5652,3180.2259,3191.9481,3166.8113,3192.1183,-22.5531,-0.7065,130524968.0,174590979.8,-0.053333333333333344,-0.040882052381833525,0,0
1520,000002.SZ,20180517,27.19,27.22,26.77,26.79,27.23,-0.44,-1.62,445623.87,1199275.7,3154.2825,3170.0064,3172.7664,3148.6213,3169.5652,-15.2827,-0.4822,113995567.0,150598842.2,-0.023333333333333334,0.049684969882170235,0,0
1521,000002.SZ,20180518,26.7,27.15,26.53,27.15,26.79,0.36,1.34,407222.27,1092945.215,3193.3034,3151.0818,3193.4531,3144.776,3154.2825,39.0209,1.2371,136516918.0,168038057.5,-0.11666666666666665,-0.15053445150454853,-1,-1
1522,000002.SZ,20180521,27.23,27.31,26.81,27.07,27.15,-0.08,-0.29,432446.76,1167666.221,3213.8404,3206.1756,3219.7398,3203.3362,3193.3034,20.537,0.6431,164459413.0,202663464.5,-0.13999999999999999,-0.05832445641358707,-1,0
1523,000002.SZ,20180522,27.05,27.05,26.58,26.72,27.07,-0.35,-1.29,415469.03,1111277.324,3214.3497,3211.2470000000003,3214.5888,3192.2277,3213.8404,0.5093,0.0158,144292684.0,185721667.8,-0.11,-0.05803978403409336,-1,0
1524,000002.SZ,20180523,26.72,27.17,26.56,26.8,26.72,0.08,0.3,433170.62,1164157.877,3168.9642,3205.437,3205.437,3168.9642,3214.3497,-45.3855,-1.412,157807648.0,199358101.0,-0.10000000000000002,-0.11141802390416478,-1,-1
1525,000002.SZ,20180524,26.8,26.85,26.52,26.65,26.8,-0.15,-0.56,241610.93,643575.797,3154.6506,3167.9391,3173.5309,3152.0692,3168.9642,-14.3136,-0.4517,124085800.0,160658185.5,-0.35000000000000003,-0.05561835666497562,-1,0
1526,000002.SZ,20180525,26.68,26.91,26.32,26.39,26.65,-0.26,-0.98,270005.46,717574.35,3141.3032,3148.41,3156.7261,3131.0675,3154.6506,-13.3474,-0.4231,128610843.0,166554049.9,-0.5833333333333334,-0.2164574520786605,-1,-1
1527,000002.SZ,20180528,26.39,26.82,26.3,26.5,26.39,0.11,0.42,254594.99,676789.912,3135.0821,3136.8092,3149.6646,3115.9585,3141.3032,-6.2211,-0.198,128755918.0,168191258.4,-0.3033333333333333,-0.4738374664386115,-1,-1
1528,000002.SZ,20180529,26.3,26.37,25.34,25.6,26.5,-0.9,-3.4,556052.35,1428341.707,3120.4605,3129.6209999999996,3143.2076,3112.1531,3135.0821,-14.6216,-0.4664,135717800.0,177826106.4,0.13333333333333333,-0.05593647291262958,1,0
1529,000002.SZ,20180530,25.21,25.21,24.58,24.64,25.6,-0.96,-3.75,540168.82,1342440.709,3041.4434,3081.1418,3085.397,3041.0002,3120.4605,-79.0171,-2.5322,155115126.0,191995196.7,0.8866666666666667,0.31573368052641543,1,1
1530,000002.SZ,20180531,24.77,25.68,24.56,25.59,24.64,0.95,3.86,705893.25,1768260.9019999998,3095.4737,3061.8291,3098.0764,3054.2685,3041.4434,54.0303,1.7765,140475532.0,185199037.0,0.6333333333333333,0.5351535348097483,1,1
1531,000002.SZ,20180601,25.39,26.46,25.3,26.0,25.59,0.41,1.6,520770.82,1355014.4540000001,3075.1372,3084.7536,3102.0879999999997,3059.7857,3095.4737,-20.3365,-0.657,129872199.0,166548881.8,0.33,0.32376671502987536,1,1
1532,000002.SZ,20180604,26.3,27.38,26.28,27.3,26.0,1.3,5.0,789190.77,2138820.837,3091.1909,3083.4265,3098.402,3076.9936,3075.1372,16.0537,0.522,114593902.0,154671613.3,0.03000000000000001,-0.24786352713902807,0,-1
1533,000002.SZ,20180605,27.29,27.77,26.84,27.49,27.3,0.19,0.7,606841.37,1658473.532,3114.2055,3088.0076,3114.7687,3080.0457,3091.1909,23.0146,0.7445,118735592.0,164806307.5,-0.26,0.07451561520496992,-1,0
1534,000002.SZ,20180606,27.3,27.54,26.85,26.99,27.49,-0.5,-1.82,508162.53,1378427.3390000002,3115.1803,3109.1746,3117.5251,3103.5329,3114.2055,0.9748,0.0313,120196135.0,162879956.7,0.10666666666666665,-0.03087263365586612,1,0
1535,000002.SZ,20180607,27.07,27.64,26.95,27.39,26.99,0.4,1.48,597535.75,1637918.2959999999,3109.4988,3121.1842,3128.7154,3105.5779,3115.1803,-5.6815,-0.1824,127784970.0,167174304.1,0.10666666666666665,0.09082834700743346,1,1
1536,000002.SZ,20180608,27.1,27.18,26.55,26.71,27.39,-0.68,-2.48,388545.08,1040501.593,3067.1478,3100.6038,3100.6848,3053.2879,3109.4988,-42.351000000000006,-1.3619999999999999,134688220.0,161178782.9,0.31,0.3475222484270731,1,1
1537,000002.SZ,20180611,26.74,27.73,26.68,27.31,26.71,0.6,2.25,526436.79,1437705.8909999998,3052.7831,3057.3393,3063.6102,3037.9138,3067.1478,-14.3647,-0.4683,108563786.0,143037323.8,0.02,0.0916645578543344,0,1
1538,000002.SZ,20180612,27.57,27.83,27.23,27.71,27.31,0.4,1.46,498372.48,1376048.9840000002,3079.8018,3053.0279,3081.4473,3034.1012,3052.7831,27.0187,0.8851,113275096.0,154469092.3,0.09333333333333332,-0.09956337114175175,1,0
1539,000002.SZ,20180613,27.41,28.25,27.31,27.64,27.71,-0.07,-0.25,602843.57,1680583.497,3049.7965,3071.4636,3071.4636,3044.1198,3079.8018,-30.0053,-0.9743,119607886.0,155935263.1,-0.18000000000000002,0.1708731065193811,-1,1
1540,000002.SZ,20180614,27.48,27.76,27.12,27.37,27.64,-0.27,-0.98,357604.45,980418.255,3044.1597,3038.0704,3066.0469,3032.4062,3049.7965,-5.6368,-0.1848,115469487.0,147588827.0,-0.1366666666666667,-0.002785034974416225,-1,0
1541,000002.SZ,20180615,27.37,28.3,27.33,27.99,27.37,0.62,2.27,698195.18,1951841.87,3021.9008,3037.4522,3048.7967,3008.7324,3044.1597,-22.2589,-0.7312,144532571.0,162196016.4,-0.08666666666666667,-0.22234528501828527,0,-1
1542,000002.SZ,20180619,27.85,27.85,26.91,27.1,27.99,-0.89,-3.18,600442.11,1639680.595,2907.8221,2982.6504,2984.9706,2871.3548,3021.9008,-114.0787,-3.7751,230550067.0,241203641.1,0.3333333333333333,0.2229423556725183,1,1
1543,000002.SZ,20180620,26.99,27.29,26.41,26.96,27.1,-0.14,-0.52,393400.42,1059357.118,2915.7314,2889.9840000000004,2925.5611,2872.1629,2907.8221,7.9093,0.272,144301420.0,153334278.1,-0.15666666666666665,0.32935503701368957,-1,1
1544,000002.SZ,20180621,26.97,28.5,26.82,27.73,26.96,0.77,2.86,777932.09,2167319.528,2875.8099,2912.0032,2940.5863,2872.6189,2915.7314,-39.9215,-1.3692,154378332.0,159713161.8,-0.7300000000000001,-0.26889309992392874,-1,-1
1545,000002.SZ,20180622,27.5,28.2,27.44,28.1,27.73,0.37,1.33,444366.6,1235687.451,2889.7603,2855.5849,2891.9685,2837.1444,2875.8099,13.9504,0.4851,126143129.0,127161473.9,-1.2933333333333332,-0.7319902281959854,-1,-1
1546,000002.SZ,20180625,28.25,28.38,26.41,26.49,28.1,-1.61,-5.73,615811.76,1686677.9019999998,2859.3364,2903.4495,2908.6240000000003,2857.8709,2889.7603,-30.4239,-1.0528,121917687.0,132350471.6,-0.87,-0.6653480132420859,-1,-1
1547,000002.SZ,20180626,25.82,26.06,24.83,25.54,26.49,-0.95,-3.59,591809.32,1503936.8669999999,2844.5081,2829.9947,2850.24,2803.7851,2859.3364,-14.8283,-0.5186,125918468.0,138447246.8,-0.3133333333333334,-0.565099847217401,-1,-1
1548,000002.SZ,20180627,25.5,25.51,23.81,24.22,25.54,-1.32,-5.17,672347.28,1652394.698,2813.1775,2842.3958,2854.2579,2798.7997,2844.5081,-31.3306,-1.1014,129420833.0,142413494.4,-0.4733333333333334,-0.09593739380439137,-1,0
1549,000002.SZ,20180628,23.86,24.57,23.5,23.88,24.22,-0.34,-1.4,462512.82,1114653.844,2786.8966,2799.9039,2825.9872,2782.4464,2813.1775,-26.2809,-0.9342,118357907.0,129687431.4,-0.15333333333333335,-0.26594627281030037,-1,-1
1550,000002.SZ,20180629,24.1,24.6,23.89,24.6,23.88,0.72,3.02,352884.91,859583.948,2847.4181,2789.8111,2848.3721,2782.3811,2786.8966,60.5215,2.1716,125671685.0,135652377.9,-0.5333333333333333,-0.329793927272161,-1,-1
1551,000002.SZ,20180702,24.5,24.55,22.52,22.8,24.6,-1.8,-7.32,846203.86,1981131.638,2775.5570000000002,2841.5795,2845.6801,2756.815,2847.4181,-71.8611,-2.5237,137035034.0,147562760.0,0.08333333333333333,-0.10775734712680195,0,-1
1552,000002.SZ,20180703,23.1,23.48,22.8,23.42,22.8,0.62,2.72,549964.88,1274023.575,2786.8878,2774.5701,2786.8878,2722.4485,2775.5570000000002,11.3308,0.4082,142498466.0,161668028.6,-0.06999999999999999,-0.15561620732148504,0,-1
1553,000002.SZ,20180704,23.46,23.75,23.0,23.0,23.42,-0.42,-1.79,249881.03,582470.214,2759.1259999999997,2776.6324,2793.179,2754.1552,2786.8878,-27.7618,-0.9962,123262181.0,131016165.0,0.33666666666666667,0.09738003502289443,1,1
1554,000002.SZ,20180705,23.02,23.41,22.85,23.05,23.0,0.05,0.22,267278.61,619393.007,2733.8819,2755.3394,2777.5227,2727.9399,2759.1259999999997,-25.2441,-0.9149,129226112.0,132993668.2,0.3666666666666667,0.1352650890747705,1,1
1555,000002.SZ,20180706,23.34,23.6,22.65,23.21,23.05,0.16,0.69,346930.01,805107.0959999999,2747.2285,2731.3532,2768.8737,2691.0208,2733.8819,13.3466,0.4882,136294380.0,148193040.0,0.08333333333333337,0.28958799491326004,0,1
1556,000002.SZ,20180709,23.37,24.05,23.37,24.01,23.21,0.8,3.45,404626.6,964798.9959999999,2815.1095,2752.4466,2815.79,2752.4466,2747.2285,67.881,2.4709,121549309.0,135654524.8,-0.05333333333333331,-0.14348293175299975,0,-1
1557,000002.SZ,20180710,24.2,24.49,23.77,24.15,24.01,0.14,0.58,389259.48,936534.189,2827.6252,2819.7121,2828.4926,2800.6251,2815.1095,12.5157,0.4446,117062748.0,132633113.1,-0.1433333333333333,-0.045106595059236025,-1,0
1558,000002.SZ,20180711,23.48,23.63,23.17,23.46,24.15,-0.69,-2.86,286052.97,668957.022,2777.7711,2780.7043,2794.3596,2752.435,2827.6252,-49.8541,-1.7631,126821149.0,138318174.3,-0.10333333333333332,0.08299860099951414,-1,0
1559,000002.SZ,20180712,23.58,24.22,23.47,23.85,23.46,0.39,1.66,384228.4,916845.446,2837.6586,2771.0408,2844.1932,2771.0408,2777.7711,59.8875,2.156,146980200.0,170319086.5,-0.29,-0.12161874612172459,-1,-1
1560,000002.SZ,20180713,24.24,24.35,23.64,23.72,23.85,-0.13,-0.55,407555.34,976014.5859999999,2831.1837,2831.4284,2835.4627,2818.8484,2837.6586,-6.4749,-0.2282,117689348.0,146300880.6,-0.4166666666666667,-0.2088272278507552,-1,-1
1561,000002.SZ,20180716,23.59,23.66,22.81,23.15,23.72,-0.57,-2.4,430694.06,994746.276,2814.0418,2827.0823,2837.5092,2804.4929,2831.1837,-17.1419,-0.6055,107767151.0,129411192.7,-0.1566666666666667,-0.2043383302291236,-1,-1
1562,000002.SZ,20180717,23.05,23.28,22.65,22.98,23.15,-0.17,-0.73,313869.3,718627.835,2798.1259,2806.8853,2806.9194,2774.7624,2814.0418,-15.9159,-0.5656,105409220.0,124035197.8,0.05333333333333332,-0.0798023824890456,0,0
1563,000002.SZ,20180718,23.02,23.05,22.42,22.47,22.98,-0.51,-2.22,410641.88,930105.2729999999,2787.257,2801.7774,2818.3953,2786.0404,2798.1259,-10.8689,-0.3884,120961165.0,138557147.8,0.4266666666666667,0.1606665630141893,1,1
1564,000002.SZ,20180719,22.7,22.96,22.5,22.68,22.47,0.21,0.93,506949.38,1154160.7959999999,2772.5454,2791.0156,2805.0106,2764.4858,2787.257,-14.7116,-0.5278,114486493.0,129374568.3,0.5666666666666668,0.292739480237166,1,1
1565,000002.SZ,20180720,22.64,23.49,22.02,23.14,22.68,0.46,2.0282,610195.34,1390937.5990000002,2829.2712,2769.7537,2837.8623,2753.8397,2772.5454,56.7258,2.046,145907688.0,155661124.3,0.3466666666666667,0.35475571195284517,1,1
1566,000002.SZ,20180723,22.96,23.9,22.9,23.75,23.14,0.61,2.6361,555706.13,1306045.471,2859.5424,2815.2008,2863.5711,2809.6163,2829.2712,30.2712,1.0699,173382797.0,186996844.7,-0.013333333333333327,0.06050742844740538,0,0
1567,000002.SZ,20180724,24.04,25.09,24.04,24.38,23.75,0.63,2.6526,832814.22,2055205.705,2905.5618,2862.2670000000003,2911.4646,2862.2670000000003,2859.5424,46.0194,1.6093,229578307.0,228701875.5,-0.35333333333333333,-0.20420021732648228,-1,-1
1568,000002.SZ,20180725,24.38,24.58,24.0,24.18,24.38,-0.2,-0.8203,355182.97,860631.782,2903.6467,2911.4529,2912.3134,2894.039,2905.5618,-1.9151,-0.0659,167800207.0,166412077.1,-0.3333333333333333,-0.18455599685510013,-1,-1
1569,000002.SZ,20180726,24.34,24.51,23.57,23.71,24.18,-0.47,-1.9438,385134.8,924376.0,2882.2254,2905.7941,2915.2974,2875.7006,2903.6467,-21.4213,-0.7377,168428202.0,157496681.8,-0.13,-0.1044420667489371,-1,-1
1570,000002.SZ,20180727,23.55,23.81,23.24,23.32,23.71,-0.39,-1.6449,322827.63,757327.314,2873.5938,2879.6901,2889.6936,2864.1098,2882.2254,-8.6316,-0.2995,146371610.0,132419371.8,-0.3233333333333333,0.013874577085176977,-1,0
1571,000002.SZ,20180730,23.54,23.7,22.82,23.18,23.32,-0.14,-0.6003,357066.58,828078.838,2869.0495,2871.9397,2896.0109,2850.296,2873.5938,-4.5443,-0.1581,151652249.0,145988585.4,-0.6,-0.20924282213052128,-1,-1
1572,000002.SZ,20180731,23.29,23.49,23.06,23.32,23.18,0.14,0.604,354578.15,825861.7640000001,2876.4009,2866.8985,2884.6799,2854.3197,2869.0495,7.3514,0.2562,118931117.0,119528767.9,-0.7466666666666666,-0.538034626444181,-1,-1
1573,000002.SZ,20180801,23.24,23.24,22.21,22.35,23.32,-0.97,-4.1595,673866.01,1523419.154,2824.5337,2882.5061,2897.3997,2823.9293,2876.4009,-51.8672,-1.8032,149514348.0,151692873.0,-0.49666666666666665,-0.44042270471652367,-1,-1
1574,000002.SZ,20180802,22.34,22.34,21.07,21.38,22.35,-0.97,-4.34,677777.75,1457805.725,2768.0239,2815.3438,2815.3438,2726.4825,2824.5337,-56.5098,-2.0007,174179003.0,169769315.4,0.16,-0.23428885509570455,1,-1
1575,000002.SZ,20180803,21.39,21.54,21.05,21.08,21.38,-0.3,-1.4032,346072.3,735143.747,2740.4429,2763.3957,2777.6572,2740.4317,2768.0239,-27.581,-0.9964,127006363.0,129134687.5,0.14,0.1696651322642961,1,1
1576,000002.SZ,20180806,21.18,21.32,20.52,20.86,21.08,-0.22,-1.0436,315702.05,662879.8879999999,2705.1565,2736.5256,2760.4744,2692.3216,2740.4429,-35.2864,-1.2876,129753058.0,132993799.7,0.54,0.12462719957033781,1,1
1577,000002.SZ,20180807,21.15,21.86,20.93,21.86,20.86,1.0,4.7939,451653.09,969166.202,2779.3740000000003,2711.7361,2779.3740000000003,2696.0391,2705.1565,74.2175,2.7436,149579743.0,147259486.4,0.43999999999999995,0.16558829049269347,1,1
1578,000002.SZ,20180808,21.89,22.29,21.5,21.5,21.86,-0.36,-1.6468,410720.18,903023.745,2744.0696,2771.1286,2779.9124,2741.067,2779.3740000000003,-35.3044,-1.2702,147688715.0,139969762.8,0.5133333333333333,0.42929193536440524,1,1
1579,000002.SZ,20180809,21.5,22.55,21.4,22.48,21.5,0.98,4.5581,896200.17,1997096.145,2794.3818,2729.5787,2801.6592,2726.2153,2744.0696,50.3122,1.8335,151660333.0,151079880.2,-0.053333333333333344,0.06727336267630248,0,0
1580,000002.SZ,20180810,23.0,24.07,22.93,23.18,22.48,0.7,3.1139,1201163.03,2820091.738,2795.3099,2791.4018,2806.1149,2777.5061,2794.3818,0.9281,0.0332,121532232.0,123112594.3,-0.29333333333333333,-0.1703537671764693,-1,-1
1581,000002.SZ,20180813,22.6,23.21,22.46,23.04,23.18,-0.14,-0.604,489494.76,1113409.912,2785.8720000000003,2769.0166,2789.7983,2742.5599,2795.3099,-9.4379,-0.3376,127532241.0,129460540.4,-0.10666666666666667,-0.16874914636214589,-1,-1
1582,000002.SZ,20180814,23.0,23.05,22.05,22.32,23.04,-0.72,-3.125,486784.81,1090898.794,2780.9646,2780.7357,2789.4437,2766.5693,2785.8720000000003,-4.9074,-0.1762,109571077.0,112465397.0,0.12333333333333334,0.20922797272602706,1,1
1583,000002.SZ,20180815,22.39,22.58,22.22,22.3,22.32,-0.02,-0.0896,472553.5,1058911.645,2723.2576,2777.2493,2777.7032,2721.2404,2780.9646,-57.707,-2.0751,116161787.0,118707674.1,0.35000000000000003,0.2211940289537111,1,1
1584,000002.SZ,20180816,21.63,23.08,21.61,22.72,22.3,0.42,1.8834,490384.44,1107212.515,2705.1917,2691.426,2732.9489,2672.7407,2723.2576,-18.0659,-0.6634,120277878.0,117580995.0,0.39666666666666667,0.2429573122660318,1,1
1585,000002.SZ,20180817,22.9,23.2,22.64,22.69,22.72,-0.03,-0.132,424160.44,969847.2159999999,2668.966,2723.8871,2730.3326,2665.5918,2705.1917,-36.2257,-1.3391,112445294.0,115499397.0,0.4100000000000001,0.3398050473133722,1,1
1586,000002.SZ,20180820,22.93,23.44,22.59,23.35,22.69,0.66,2.9088,476133.14,1101391.513,2698.4658,2673.0662,2698.4658,2653.1119,2668.966,29.4998,1.1053,110784164.0,114047616.4,0.12333333333333335,0.2091473878423372,1,1
1587,000002.SZ,20180821,23.39,23.98,23.22,23.91,23.35,0.56,2.3983,495846.24,1173410.505,2733.8264,2700.3416,2739.1732,2696.2923,2698.4658,35.3606,1.3104,113586839.0,122260216.3,-0.07666666666666667,-0.01844361384709689,0,0
1588,000002.SZ,20180822,23.91,24.08,23.67,23.92,23.91,0.01,0.0418,421833.83,1007170.63,2714.6082,2731.9576,2731.9576,2709.0615,2733.8264,-19.2182,-0.703,93664640.0,98463969.9,0.29666666666666663,-0.042653778394063445,1,0
1589,000002.SZ,20180823,23.0,23.15,22.24,22.82,23.02,-0.2,-0.8688,543058.67,1235013.686,2724.6244,2714.867,2736.0101,2700.8042,2714.6082,10.0162,0.369,98446470.0,107826017.2,0.3533333333333333,0.46099443952242525,1,1
1590,000002.SZ,20180824,22.66,23.01,22.39,22.78,22.82,-0.04,-0.1753,273417.65,621888.066,2729.4308,2717.0812,2748.8243,2705.3237,2724.6244,4.8064,0.1764,100516269.0,102665800.5,0.37666666666666665,0.40016654948393493,1,1
1591,000002.SZ,20180827,22.98,24.06,22.85,23.91,22.78,1.13,4.9605,594341.1,1403513.889,2780.8990000000003,2736.3185,2780.8990000000003,2736.3185,2729.4308,51.4682,1.8857,132762578.0,141429679.6,-0.13666666666666666,0.0181353030602136,-1,0
1592,000002.SZ,20180828,23.8,24.14,23.73,23.88,23.91,-0.03,-0.1255,348101.15,832284.975,2777.9808,2782.2927,2791.3898,2769.4013,2780.8990000000003,-2.9182,-0.1049,118749367.0,125118576.7,0.05666666666666668,-0.13628827681144093,0,-1
1593,000002.SZ,20180829,23.74,24.4,23.72,23.91,23.88,0.03,0.1256,291143.33,700596.432,2769.2947,2774.8646,2778.5393,2762.35,2777.9808,-8.6861,-0.3127,100156929.0,101220664.9,-0.11999999999999998,0.08949310342470793,-1,0
1594,000002.SZ,20180830,23.8,24.18,23.48,23.5,23.91,-0.41,-1.7148,285923.67,681645.3840000001,2737.7367,2769.3322,2780.5271,2736.3459999999995,2769.2947,-31.558000000000003,-1.1396,106060943.0,106400401.3,0.31,0.09177036831776289,1,1
1595,000002.SZ,20180831,23.2,24.36,23.18,24.05,23.5,0.55,2.3404,428145.12,1024351.411,2725.2499,2730.1132,2744.6311,2710.5368,2737.7367,-12.4868,-0.4561,109758742.0,114813353.9,-0.21333333333333335,0.1951848582426706,-1,1
1596,000002.SZ,20180903,23.85,24.57,23.38,23.55,24.05,-0.5,-2.079,497612.43,1191130.969,2720.7344,2716.4037,2722.8524,2692.3644,2725.2499,-4.5155,-0.1657,102213011.0,104817688.0,-0.24666666666666667,-0.012014515300591916,-1,0
1597,000002.SZ,20180904,23.66,24.44,23.41,24.43,23.55,0.88,3.7367,437654.47,1052057.112,2750.5804,2720.6477,2756.6071,2712.3759999999997,2720.7344,29.846,1.097,109010307.0,113708888.0,-0.40666666666666673,-0.45147276421388005,-1,-1
1598,000002.SZ,20180905,24.11,24.2,23.41,23.41,24.43,-1.02,-4.1752,546644.37,1296346.119,2704.3368,2741.3801,2745.4673,2704.3368,2750.5804,-46.2436,-1.6812,105002269.0,107269446.9,0.01666666666666668,-0.062377784748872254,0,0
1599,000002.SZ,20180906,23.32,23.56,22.69,22.81,23.41,-0.6,-2.563,375368.9,864994.565,2691.5929,2697.5777,2719.4055,2683.7445,2704.3368,-12.7439,-0.4712,99017833.0,106266080.2,0.17666666666666667,0.13690634975830704,1,1
1600,000002.SZ,20180907,22.85,23.65,22.85,23.21,22.81,0.4,1.7536,334943.33,780678.316,2702.3007,2696.6775,2728.5464,2683.7193,2691.5929,10.7078,0.3978,107523293.0,113840071.3,-0.11,0.10445894906918196,-1,1
1601,000002.SZ,20180910,23.42,23.85,23.11,23.46,23.21,0.25,1.0771,474917.79,1115789.487,2669.4845,2698.0107,2703.4285,2667.3168,2702.3007,-32.8162,-1.2144,103559170.0,102860716.6,-0.12000000000000004,-0.21136040111382817,-1,-1
1602,000002.SZ,20180911,23.39,23.64,23.09,23.34,23.46,-0.12,-0.5115,358358.75,832895.939,2664.7997,2668.4872,2680.5727,2652.7044,2669.4845,-4.6848,-0.1755,99865946.0,96884582.2,-0.006666666666666672,-0.09865810384353016,0,0
1603,000002.SZ,20180912,23.24,23.3,22.61,22.88,23.34,-0.46,-1.9709,313821.54,717459.921,2656.1101,2659.744,2672.0735,2647.1701,2664.7997,-8.6896,-0.3261,90026758.0,93448206.2,-0.016666666666666663,0.15615906010071426,0,1
1604,000002.SZ,20180913,23.31,23.47,22.78,23.1,22.88,0.22,0.9615,468837.96,1080871.662,2686.5784,2679.2077,2689.0624,2653.1894,2656.1101,30.4683,1.1471,107335014.0,112464143.2,-0.03333333333333333,-0.03291773190101001,0,0
1605,000002.SZ,20180914,23.13,23.39,22.81,23.32,23.1,0.22,0.9524,334870.79,775981.815,2681.6431,2688.7787,2694.9201,2675.2896,2686.5784,-4.9353,-0.1837,100005008.0,104992360.0,0.2833333333333333,-0.11129771729310367,1,-1
1606,000002.SZ,20180917,23.04,23.23,22.72,22.83,23.32,-0.49,-2.1012,255061.69,584416.325,2651.7886,2671.2907,2671.2907,2647.9153,2681.643,-29.8544,-1.1133,88238888.0,86962599.2,0.3933333333333333,0.4064660958449045,1,1
1607,000002.SZ,20180918,22.65,23.1,22.47,23.0,22.83,0.17,0.7446,404634.05,921475.475,2699.9501,2644.2961,2700.1934,2644.2961,2651.7886,48.1615,1.8162,115767993.0,113031888.6,0.9333333333333332,0.30554094831148776,1,1
1608,000002.SZ,20180919,23.03,24.67,22.91,24.17,23.0,1.17,5.087,1317837.01,3170366.001,2730.8503,2694.7992,2746.0796,2690.9942,2699.9501,30.9002,1.1445,141550318.0,140107010.3,0.15666666666666673,0.6246290085713068,1,1
1609,000002.SZ,20180920,24.01,24.43,23.8,24.01,24.17,-0.16,-0.662,521852.72,1257974.0320000001,2729.2438,2732.1697,2743.9645,2724.0835,2730.8503,-1.6065,-0.0588,111387463.0,104875868.9,0.22000000000000006,0.09783854703108458,1,1
1610,000002.SZ,20180921,24.2,26.0,23.93,25.8,24.01,1.79,7.4552,1064216.38,2663500.909,2797.4848,2733.8742,2797.4851,2722.0319,2729.2438,68.241,2.5004,158016642.0,148976357.2,-0.44999999999999996,-0.35205658574899057,-1,-1
1611,000002.SZ,20180925,24.8,25.12,24.4,24.64,25.8,-1.16,-4.4961,908838.54,2247254.08,2781.1385,2775.0663,2790.0321,2771.1595,2797.4848,-16.3463,-0.5843,111983179.0,108528047.8,-0.11333333333333333,0.03652680526177076,-1,0
1612,000002.SZ,20180926,24.66,25.33,23.89,24.67,24.64,0.03,0.1218,845884.37,2088651.9519999998,2806.8133,2785.3165,2827.3413,2783.3419,2781.1385,25.6748,0.9232,139567706.0,145058769.4,-0.8733333333333334,-0.09687119682629917,-1,0
1613,000002.SZ,20180927,24.63,24.78,24.3,24.45,24.67,-0.22,-0.8918,445294.33,1090622.0420000001,2791.7748,2805.7929999999997,2810.5062,2786.3217,2806.8133,-15.0385,-0.5358,123997696.0,123447711.6,-0.8766666666666666,-0.5608418606718383,-1,-1
1614,000002.SZ,20180928,24.5,24.9,23.95,24.3,24.45,-0.15,-0.6135,683236.25,1671576.7140000002,2821.3501,2794.2644,2821.7553,2791.8363,2791.7748,29.5753,1.0594,134290456.0,125369989.4,-0.85,-0.7861912100513778,-1,-1
1615,000002.SZ,20181008,22.95,23.2,21.98,22.05,24.3,-2.25,-9.2593,1037914.88,2339001.429,2716.5104,2768.2075,2771.9384,2710.1781,2821.3501,-104.8397,-3.7159,149501388.0,141531551.8,-0.37333333333333335,-0.3398767398794494,-1,-1
1616,000002.SZ,20181009,22.05,22.12,21.26,21.82,22.05,-0.23,-1.0431,628633.52,1360687.509,2721.013,2713.7319,2734.3142,2711.1971,2716.5104,4.5026,0.1657,116771899.0,110292457.8,-0.006666666666666636,-0.2796059813102088,0,-1
1617,000002.SZ,20181010,21.77,22.03,21.4,21.75,21.82,-0.07,-0.3208,437797.76,951971.015,2725.8367,2723.7242,2743.548,2703.0626,2721.013,4.8237,0.1773,113485736.0,111312455.3,-0.09333333333333332,0.01193871359030393,0,0
1618,000002.SZ,20181011,21.0,21.5,20.81,20.93,21.75,-0.82,-3.7701,709553.01,1498597.0990000002,2583.4575,2643.074,2661.2859,2560.3164,2725.8367,-142.3792,-5.2233,197150702.0,170057762.5,0.026666666666666672,-0.045184212227662536,0,0
1619,000002.SZ,20181012,21.14,21.95,21.05,21.8,20.93,0.87,4.1567,531382.96,1141837.523,2606.9125,2574.0415,2615.9169,2536.6653,2583.4575,23.455,0.9079,170081635.0,142803208.9,-0.19333333333333336,-0.22566604425509787,-1,-1
1620,000002.SZ,20181015,21.78,21.78,21.15,21.47,21.8,-0.33,-1.5138,445515.74,953879.735,2568.0984,2605.9124,2611.9685,2564.7375,2606.9125,-38.8141,-1.4889,118576197.0,105214738.3,-0.29333333333333333,-0.013841714759667844,-1,0
1621,000002.SZ,20181016,21.6,22.06,20.86,21.01,21.47,-0.46,-2.1425,397553.12,853848.661,2546.3296,2567.7643,2597.7152,2536.4410000000003,2568.0984,-21.7688,-0.8477,119419144.0,106792245.5,0.18333333333333332,-0.1489865597089133,1,-1
1622,000002.SZ,20181017,21.35,21.46,20.88,21.22,21.01,0.21,0.9995,307507.86,651794.911,2561.614,2574.3127,2582.5485,2517.5728,2546.3296,15.2844,0.6003,129953997.0,117388355.7,0.5333333333333333,0.15101589540640503,1,1
1623,000002.SZ,20181018,21.1,21.22,20.51,20.59,21.22,-0.63,-2.9689,577959.29,1199550.666,2486.4186,2544.911,2544.911,2485.6192,2561.614,-75.1954,-2.9355,125428513.0,106576761.1,0.5166666666666666,0.6201753811041514,1,1
1624,000002.SZ,20181019,20.61,21.99,20.4,21.56,20.59,0.97,4.711,759809.75,1618603.263,2550.4652,2460.0808,2553.3867,2449.197,2486.4186,64.0466,2.5759,147323558.0,130095922.3,0.34,0.15496729413668303,1,1
1625,000002.SZ,20181022,21.88,23.26,21.73,22.82,21.56,1.26,5.8442,1008289.94,2292054.56,2654.8762,2565.6444,2675.4063,2565.6444,2550.4652,104.411,4.0938,211888449.0,197309813.0,0.2233333333333333,0.00475433150927213,1,0
1626,000002.SZ,20181023,22.88,22.92,22.05,22.14,22.82,-0.68,-2.9798,509732.7,1144781.713,2594.8255,2652.6476,2659.8123,2583.2605,2654.8762,-60.0507,-2.2619,178343543.0,166919412.3,0.5566666666666668,0.35919107655684146,1,1
1627,000002.SZ,20181024,22.23,23.12,22.1,22.58,22.14,0.44,1.9874,513460.91,1161439.9679999999,2603.2951,2579.9715,2640.4017,2577.7725,2594.8255,8.4696,0.3264,160060407.0,142082168.7,0.07333333333333332,0.36122122208277374,0,1
1628,000002.SZ,20181025,22.18,23.5,22.0,23.49,22.58,0.91,4.0301,932699.5,2150598.9869999997,2603.7995,2540.9347,2606.1007,2531.5349,2603.295,0.5045,0.0194,162032979.0,137630180.9,0.0666666666666667,-0.11136471917231891,0,-1
1629,000002.SZ,20181026,23.71,24.75,23.46,23.81,23.49,0.32,1.3623,729756.6,1754616.8380000002,2598.8468,2610.8982,2626.116,2580.8452,2603.7995,-4.9527,-0.1902,158936119.0,133415492.8,0.14,0.04229638616243986,1,0
1630,000002.SZ,20181029,24.28,24.33,22.53,22.8,23.81,-1.01,-4.2419,618876.62,1435756.0,2542.1033,2593.5908,2595.5365,2529.1883,2598.8467,-56.7434,-2.1834,134241923.0,122500040.5,0.54,0.4553379742304483,1,1
1631,000002.SZ,20181030,23.31,23.88,22.65,23.69,22.8,0.89,3.9035,602920.35,1415832.355,2568.0481,2538.5737,2586.9188,2521.7836,2542.1033,25.9448,1.0206,166682309.0,152385935.0,0.31,0.38423904995123537,1,1
1632,000002.SZ,20181031,23.68,24.6,23.3,24.23,23.69,0.54,2.2794,565648.85,1358918.219,2602.7832,2573.0146,2612.9221,2567.0274,2568.0481,34.7351,1.3526,180550348.0,154894735.3,-0.06333333333333331,0.1619478170077005,0,1
1633,000002.SZ,20181101,24.9,25.27,24.28,24.42,24.23,0.19,0.7842,617847.25,1531833.907,2606.2372,2617.0325,2636.7992,2603.6514,2602.7832,3.4539999999999997,0.1327,200903932.0,180253805.6,-0.09333333333333331,-0.2036040489872298,0,-1
1634,000002.SZ,20181102,25.2,25.25,24.0,24.62,24.42,0.2,0.8190000000000001,652339.22,1601122.935,2676.4762,2649.2512,2676.4762,2628.8697,2606.2372,70.23899999999999,2.695,225026921.0,207861569.0,-0.25666666666666665,-0.06097588171561572,-1,0
1635,000002.SZ,20181105,24.48,24.48,23.7,24.04,24.62,-0.58,-2.3558,583695.56,1399713.072,2665.4306,2665.427,2673.1879,2639.2707,2676.4762,-11.0456,-0.4127,193760100.0,168588913.4,-0.016666666666666653,-0.007297217746575802,0,0
1636,000002.SZ,20181106,24.03,24.4,23.71,24.14,24.04,0.1,0.41600000000000004,420823.93,1014339.811,2659.3564,2660.7193,2660.8627,2635.3207,2665.4306,-6.0742,-0.2279,163669479.0,138800936.4,-0.19666666666666666,-0.040910473962624996,-1,0
1637,000002.SZ,20181107,24.18,24.5,23.71,23.85,24.14,-0.29,-1.2013,441458.18,1062603.97,2641.342,2659.8446,2675.6772,2639.2463,2659.3564,-18.0144,-0.6774,173201986.0,147261808.7,0.010000000000000009,-0.10032504667838428,0,-1
1638,000002.SZ,20181108,24.15,24.59,23.92,23.99,23.85,0.14,0.5870000000000001,548200.71,1330024.287,2635.6322,2660.0873,2662.3688,2632.3012,2641.342,-5.7098,-0.2162,159635487.0,128668816.7,-0.016666666666666663,-0.009871939023335904,0,0
1639,000002.SZ,20181109,23.89,24.33,23.53,23.55,23.99,-0.44,-1.8341,369283.45,877009.944,2598.8715,2621.238,2621.238,2598.1609,2635.6322,-36.7607,-1.3948,152446307.0,121260494.1,0.19999999999999998,0.10095750162998823,1,1
1640,000002.SZ,20181112,23.41,23.96,23.4,23.88,23.55,0.33,1.4013,386742.23,920396.95,2630.5195,2593.2004,2631.1696,2590.2106,2598.8715,31.648000000000003,1.2178,175031308.0,142351428.4,0.16666666666666666,0.07407970348993925,1,0
1641,000002.SZ,20181113,23.48,24.03,23.44,23.94,23.88,0.06,0.2513,453424.04,1079145.537,2654.8795,2600.5004,2666.4853,2597.3477,2630.5195,24.36,0.9261,249282447.0,189607223.5,0.28,0.15586628357569365,1,1
1642,000002.SZ,20181114,24.18,24.49,23.96,24.15,23.94,0.21,0.8772,618882.72,1500411.129,2632.2425,2648.3091,2658.3072,2627.9565,2654.8795,-22.636999999999997,-0.8527,238449351.0,176970430.7,0.21,0.15874462495247513,1,1
1643,000002.SZ,20181115,24.05,24.4,23.96,24.38,24.15,0.23,0.9524,258623.58,627715.21,2668.1704,2632.1379,2668.1704,2631.8875,2632.2424,35.928000000000004,1.3649,207848721.0,171882491.6,0.23,0.12522599319616942,1,1
