ts_code,trade_date,close,open,high,low,pre_close,change,pct_chg,vol,amount
000001.SH,20160401,3009.53,2997.088,3009.673,2956.247,3003.915,5.615,0.1869,206545866.0,217520534.02
000001.SH,20160405,3053.065,3000.938,3057.33,2993.148,3009.53,43.535,1.4466,256730344.0,276654687.085
000001.SH,20160406,3050.592,3039.745,3059.794,3029.005,3053.065,-2.473,-0.081,232262051.0,254914554.28
000001.SH,20160407,3008.42,3058.339,3062.358,3007.06,3050.592,-42.172,-1.3824,220919506.0,243961813.691
000001.SH,20160408,2984.958,2988.2,2996.171,2960.46,3008.42,-23.462,-0.7799,187904633.0,207337095.111
000001.SH,20160411,3033.957,3006.909,3048.977,3006.909,2984.958,48.999,1.6415,220018324.0,252328393.482
000001.SH,20160412,3023.646,3031.301,3036.825,3001.315,3033.957,-10.311,-0.3399,182718668.0,207079807.862
000001.SH,20160413,3066.638,3041.358,3097.165,3041.358,3023.646,42.992,1.4219,310003246.0,331420683.224
000001.SH,20160414,3082.362,3080.09,3086.698,3056.989,3066.638,15.724,0.5127,208237830.0,235056056.274
000001.SH,20160415,3078.117,3085.026,3089.951,3066.872,3082.362,-4.245,-0.1377,189613051.0,224141313.373
000001.SH,20160418,3033.66,3058.463,3058.463,3022.97,3078.117,-44.457,-1.4443,183304512.0,208613086.291
000001.SH,20160419,3042.823,3047.133,3054.503,3024.895,3033.66,9.163,0.302,156533200.0,180948014.276
000001.SH,20160420,2972.584,3050.381,3055.689,2905.049,3042.823,-70.239,-2.3083,283144219.0,311154870.354
000001.SH,20160421,2952.891,2954.37,2990.673,2943.464,2972.584,-19.693,-0.6625,189406849.0,206477126.88
000001.SH,20160422,2959.24,2933.035,2960.209,2926.776,2952.891,6.349,0.215,137211668.0,148800430.845
000001.SH,20160425,2946.67,2949.973,2954.092,2917.02,2959.24,-12.57,-0.4248,125856243.0,140638756.29
000001.SH,20160426,2964.7,2944.716,2965.429,2933.971,2946.67,18.03,0.6119,117711604.0,134292458.713
000001.SH,20160427,2953.671,2967.19,2976.022,2949.432,2964.7,-11.029,-0.372,130867640.0,150286301.521
000001.SH,20160428,2945.589,2955.742,2959.512,2916.374,2953.671,-8.082,-0.2736,138663274.0,154614698.978
000001.SH,20160429,2938.324,2935.376,2950.576,2930.357,2945.589,-7.265,-0.2466,109310628.0,128502732.169
000001.SH,20160503,2992.643,2940.392,2993.535,2929.815,2938.324,54.319,1.8486,168703643.0,195816604.813
000001.SH,20160504,2991.272,2983.027,3004.418,2978.33,2992.643,-1.371,-0.0458,165407106.0,189046374.911
000001.SH,20160505,2997.842,2987.022,2999.118,2977.2,2991.272,6.57,0.2196,144831383.0,163113776.353
000001.SH,20160506,2913.248,2998.402,3003.59,2913.036,2997.842,-84.594,-2.8218,206796498.0,234077433.966
000001.SH,20160509,2832.113,2896.162,2896.162,2821.826,2913.248,-81.135,-2.785,180378330.0,188705685.662
000001.SH,20160510,2832.591,2822.327,2845.238,2820.164,2832.113,0.478,0.0169,120829310.0,128535266.1
000001.SH,20160511,2837.037,2843.545,2857.254,2818.699,2832.591,4.446,0.157,135795466.0,146022521.906
000001.SH,20160512,2835.862,2812.108,2839.276,2781.236,2837.037,-1.175,-0.0414,136337655.0,140838630.936
000001.SH,20160513,2827.109,2828.462,2850.093,2814.115,2835.862,-8.753,-0.3087,114319710.0,123692646.942
000001.SH,20160516,2850.862,2816.775,2851.229,2804.991,2827.109,23.753,0.8402,114653592.0,126844299.054
000001.SH,20160517,2843.684,2850.926,2860.321,2832.459,2850.862,-7.178,-0.2518,123369064.0,140000997.865
000001.SH,20160518,2807.514,2828.178,2828.255,2781.417,2843.684,-36.17,-1.2719,140487826.0,149396820.878
000001.SH,20160519,2806.906,2802.315,2829.402,2801.548,2807.514,-0.608,-0.0217,111595071.0,124151052.18
000001.SH,20160520,2825.483,2792.888,2825.952,2785.08,2806.906,18.577,0.6618,108700899.0,123794592.281
000001.SH,20160523,2843.645,2826.312,2848.071,2826.256,2825.483,18.162,0.6428,120470455.0,139950365.055
000001.SH,20160524,2821.666,2839.682,2839.695,2807.188,2843.645,-21.979,-0.7729,111452445.0,121096058.813
000001.SH,20160525,2815.0863,2835.0293,2843.165,2807.7488,2821.666,-6.5797,-0.2332,103527265.0,117767628.7
000001.SH,20160526,2822.443,2813.543,2827.092,2780.763,2815.086,7.357,0.2613,114766797.0,127105183.33
000001.SH,20160527,2821.046,2817.968,2832.799,2809.799,2822.443,-1.397,-0.0495,109845823.0,123858864.609
000001.SH,20160530,2822.451,2814.651,2830.97,2794.661,2821.046,1.405,0.0498,106319589.0,115587479.346
000001.SH,20160531,2916.616,2822.593,2917.135,2822.593,2822.451,94.165,3.3363,215260341.0,236528504.779
000001.SH,20160601,2913.508,2917.154,2929.076,2909.512,2916.616,-3.108,-0.1066,188386421.0,219868045.396
000001.SH,20160602,2925.229,2911.219,2925.67,2906.524,2913.508,11.721,0.4023,159716916.0,185084899.734
000001.SH,20160603,2938.682,2929.788,2945.519,2915.185,2925.229,13.453,0.4599,172021023.0,211302476.506
000001.SH,20160606,2934.098,2940.994,2945.942,2922.283,2938.682,-4.584,-0.156,141993742.0,172426791.396
000001.SH,20160607,2936.045,2936.282,2938.444,2923.502,2934.098,1.947,0.0664,132987867.0,163605603.318
000001.SH,20160608,2927.159,2932.376,2937.986,2908.367,2936.045,-8.886,-0.3027,143046071.0,177377309.482
000001.SH,20160613,2833.071,2897.273,2911.158,2832.507,2927.159,-94.088,-3.2143,169255434.0,198547765.495
000001.SH,20160614,2842.189,2824.229,2843.456,2822.061,2833.071,9.118,0.3218,119755274.0,138531751.701
000001.SH,20160615,2887.21,2814.693,2894.264,2811.781,2842.189,45.021,1.584,166671069.0,197199330.848
000001.SH,20160616,2872.817,2878.402,2887.743,2865.388,2887.21,-14.393,-0.4985,173882767.0,201957154.966
000001.SH,20160617,2885.105,2873.009,2900.299,2872.185,2872.817,12.288,0.4277,171472517.0,195432492.227
000001.SH,20160620,2888.809,2887.636,2891.658,2864.02,2885.105,3.704,0.1284,136571051.0,163734439.57
000001.SH,20160621,2878.558,2898.384,2919.302,2869.176,2888.809,-10.251,-0.3549,164359089.0,198201921.486
000001.SH,20160622,2905.55,2872.734,2905.978,2869.513,2878.558,26.992,0.9377,130590424.0,156339384.142
000001.SH,20160623,2891.96,2902.398,2904.112,2878.661,2905.55,-13.59,-0.4677,136137375.0,163680266.691
000001.SH,20160624,2854.286,2883.759,2899.569,2807.598,2891.96,-37.674,-1.3027,190842609.0,214913449.682
000001.SH,20160627,2895.703,2840.559,2895.731,2840.277,2854.286,41.417,1.451,156697472.0,189854731.207
000001.SH,20160628,2912.557,2885.011,2913.582,2878.824,2895.703,16.854,0.582,173871047.0,211079306.343
000001.SH,20160629,2931.592,2918.534,2933.997,2915.062,2912.557,19.035,0.6535,193215586.0,223406351.275
000001.SH,20160630,2929.606,2931.481,2938.137,2922.312,2931.592,-1.986,-0.0677,154464930.0,187459798.1
000001.SH,20160701,2932.476,2931.802,2944.989,2925.81,2929.606,2.87,0.098,141246227.0,173006184.794
000001.SH,20160704,2988.604,2924.293,2992.498,2922.52,2932.476,56.128,1.914,222017132.0,253150365.202
000001.SH,20160705,3006.392,2991.752,3010.275,2990.642,2988.604,17.788,0.5952,235204450.0,270418011.629
000001.SH,20160706,3017.292,2998.521,3017.652,2984.828,3006.392,10.9,0.3626,212370920.0,246497840.951
000001.SH,20160707,3016.847,3009.353,3024.109,2994.643,3017.292,-0.445,-0.0147,222681667.0,270197134.238
000001.SH,20160708,2988.094,3000.326,3001.551,2983.881,3016.847,-28.753,-0.9531,168986859.0,209672668.129
000001.SH,20160711,2994.917,2993.749,3022.944,2990.907,2988.094,6.823,0.2283,224338224.0,271916499.904
000001.SH,20160712,3049.381,2992.52,3049.681,2984.421,2994.917,54.464,1.8185,259486295.0,288656744.057
000001.SH,20160713,3060.689,3049.513,3069.047,3048.199,3049.381,11.308,0.3708,253659384.0,279350871.891
000001.SH,20160714,3054.018,3054.975,3057.046,3036.523,3060.689,-6.671,-0.218,180194804.0,208939031.31
000001.SH,20160715,3054.296,3056.682,3062.683,3044.538,3054.018,0.278,0.0091,172866398.0,202840549.58
000001.SH,20160718,3043.564,3047.637,3058.321,3031.639,3054.296,-10.732,-0.3514,177496562.0,206667709.265
000001.SH,20160719,3036.598,3040.226,3043.6,3014.289,3043.564,-6.966,-0.2289,155361466.0,187206723.214
000001.SH,20160720,3027.9,3034.714,3042.997,3022.631,3036.598,-8.698,-0.2864,138242815.0,171472917.221
000001.SH,20160721,3039.009,3027.604,3053.334,3027.368,3027.9,11.109,0.3669,163767370.0,200278455.546
000001.SH,20160722,3012.816,3038.118,3039.27,3007.457,3039.009,-26.193,-0.8619,162010181.0,197517350.36
000001.SH,20160725,3015.828,3008.094,3027.123,3003.292,3012.816,3.012,0.1,144206582.0,175422000.819
000001.SH,20160726,3050.166,3014.04,3050.615,3013.802,3015.828,34.338,1.1386,156694506.0,185474467.705
000001.SH,20160727,2991.999,3050.368,3057.424,2939.227,3050.166,-58.167,-1.907,280160915.0,316811388.907
000001.SH,20160728,2994.323,2980.501,3003.363,2968.182,2991.999,2.324,0.0777,190564950.0,217626998.763
000001.SH,20160729,2979.339,2992.536,3000.055,2972.917,2994.323,-14.984,-0.5004,150101534.0,170198566.552
000001.SH,20160801,2953.385,2971.949,2972.875,2931.963,2979.339,-25.954,-0.8711,147407763.0,162372674.323
000001.SH,20160802,2971.279,2950.08,2971.279,2946.637,2953.385,17.894,0.6059,115468900.0,129266872.711
000001.SH,20160803,2978.461,2963.215,2981.156,2956.786,2971.279,7.182,0.2417,141141332.0,159088262.525
000001.SH,20160804,2982.426,2976.41,2982.86,2958.933,2978.461,3.965,0.1331,133933301.0,153307963.507
000001.SH,20160805,2976.696,2978.778,2991.677,2971.564,2982.426,-5.73,-0.1921,141857101.0,161795980.405
000001.SH,20160808,3004.277,2972.625,3004.718,2959.048,2976.696,27.581,0.9266,155729833.0,172089654.259
000001.SH,20160809,3025.681,3001.306,3025.911,2998.677,3004.277,21.404,0.7125,169995446.0,187716865.344
000001.SH,20160810,3018.746,3023.472,3033.196,3017.09,3025.681,-6.935,-0.2292,164675165.0,184525184.723
000001.SH,20160811,3002.638,3013.678,3038.048,3001.168,3018.746,-16.108,-0.5336,161879481.0,179861525.628
000001.SH,20160812,3050.667,3000.273,3051.054,2999.039,3002.638,48.029,1.5996,168173657.0,179304885.162
000001.SH,20160815,3125.195,3056.484,3137.476,3053.871,3050.667,74.528,2.443,297616506.0,327991129.268
000001.SH,20160816,3110.037,3130.533,3140.441,3102.065,3125.195,-15.158,-0.485,278328934.0,308544861.178
000001.SH,20160817,3109.555,3106.991,3114.255,3090.281,3110.037,-0.482,-0.0155,213839637.0,243405250.612
000001.SH,20160818,3104.114,3107.753,3125.581,3093.317,3109.555,-5.441,-0.175,229359081.0,256969677.017
000001.SH,20160819,3108.102,3100.391,3113.344,3082.771,3104.114,3.988,0.1285,194347453.0,212050971.111
000001.SH,20160822,3084.805,3107.381,3112.74,3083.593,3108.102,-23.297,-0.7496,185387927.0,207638874.518
000001.SH,20160823,3089.706,3081.572,3101.11,3073.529,3084.805,4.901,0.1589,161368965.0,179183487.675
000001.SH,20160824,3085.88,3092.02,3097.148,3079.548,3089.706,-3.826,-0.1238,145707440.0,168362528.488
000001.SH,20160825,3068.329,3073.444,3073.444,3041.505,3085.88,-17.551,-0.5688,174032980.0,200859751.351
000001.SH,20160826,3070.309,3069.85,3087.652,3063.894,3068.329,1.98,0.0645,149663901.0,176309498.242
000001.SH,20160829,3070.027,3068.46,3074.943,3058.785,3070.309,-0.282,-0.0092,144500007.0,166397346.222
000001.SH,20160830,3074.677,3071.44,3082.988,3065.971,3070.027,4.65,0.1515,140434811.0,163878823.044
000001.SH,20160831,3085.491,3072.916,3087.698,3063.396,3074.677,10.814,0.3517,141368609.0,168986117.678
000001.SH,20160901,3063.305,3083.961,3088.704,3062.876,3085.491,-22.186,-0.719,155191093.0,177093295.28
000001.SH,20160902,3067.352,3057.495,3072.526,3050.492,3063.305,4.047,0.1321,150446920.0,170592139.865
000001.SH,20160905,3072.095,3070.707,3085.485,3065.329,3067.352,4.743,0.1546,144963317.0,161243675.297
000001.SH,20160906,3090.713,3071.055,3095.509,3053.187,3072.095,18.618,0.606,172908524.0,193057729.108
000001.SH,20160907,3091.928,3091.329,3105.678,3087.879,3090.713,1.215,0.0393,186956763.0,207162121.474
000001.SH,20160908,3095.954,3089.953,3096.783,3083.902,3091.928,4.026,0.1302,145883771.0,165944472.734
000001.SH,20160909,3078.855,3095.427,3101.792,3078.218,3095.954,-17.099,-0.5523,160692924.0,182056232.52
000001.SH,20160912,3021.977,3037.507,3040.952,2999.929,3078.855,-56.878,-1.8474,206012086.0,221846569.008
000001.SH,20160913,3023.51,3025.035,3029.721,3008.741,3021.977,1.533,0.0507,135387580.0,152791306.018
000001.SH,20160914,3002.849,3008.904,3017.945,2995.416,3023.51,-20.661,-0.6833,133413401.0,148148969.909
000001.SH,20160919,3026.051,3005.323,3026.651,3005.323,3002.849,23.202,0.7727,119225027.0,133168828.076
000001.SH,20160920,3023.0,3027.172,3027.817,3015.88,3026.051,-3.051,-0.1008,118924117.0,139662303.158
000001.SH,20160921,3025.874,3021.576,3032.45,3017.541,3023.0,2.874,0.0951,115721213.0,134133726.403
000001.SH,20160922,3042.313,3038.422,3054.435,3035.07,3025.874,16.439,0.5433,139309554.0,159031064.132
000001.SH,20160923,3033.896,3044.786,3046.805,3032.802,3042.313,-8.417,-0.2767,125590976.0,147377736.332
000001.SH,20160926,2980.43,3028.243,3028.243,2980.117,3033.896,-53.466,-1.7623,144330286.0,162257246.419
000001.SH,20160927,2998.172,2974.593,2998.233,2969.132,2980.43,17.742,0.5953,121701450.0,133372708.394
000001.SH,20160928,2987.858,3000.695,3000.695,2984.321,2998.172,-10.314,-0.344,104625697.0,116437377.488
000001.SH,20160929,2998.483,2992.168,3009.198,2991.909,2987.858,10.625,0.3556,113213919.0,122728570.07
000001.SH,20160930,3004.703,2994.251,3009.195,2993.062,2998.483,6.22,0.2074,101333562.0,112794538.478
000001.SH,20161010,3048.143,3020.457,3048.236,3014.62,3004.703,43.44,1.4457,160051104.0,175521792.58
000001.SH,20161011,3065.25,3051.622,3066.104,3048.018,3048.143,17.107,0.5612,167273496.0,183787648.35
000001.SH,20161012,3058.498,3057.316,3060.514,3048.888,3065.25,-6.752,-0.2203,142493577.0,159982961.361
000001.SH,20161013,3061.346,3057.972,3064.999,3052.64,3058.498,2.848,0.0931,154756725.0,166335869.075
000001.SH,20161014,3063.809,3056.993,3064.79,3043.184,3061.346,2.463,0.0805,155373705.0,163792994.643
000001.SH,20161017,3041.166,3064.691,3068.812,3033.753,3063.809,-22.643,-0.739,163733265.0,180594077.051
000001.SH,20161018,3083.875,3037.404,3084.187,3037.404,3041.166,42.709,1.4044,182042460.0,196036127.966
000001.SH,20161019,3084.719,3085.749,3096.223,3076.771,3083.875,0.844,0.0274,182470143.0,197481136.362
000001.SH,20161020,3084.458,3084.908,3089.682,3076.295,3084.719,-0.261,-0.0085,160691364.0,177674542.71
000001.SH,20161021,3090.941,3081.389,3101.849,3069.267,3084.458,6.483,0.2102,187388072.0,201953662.395
000001.SH,20161024,3128.247,3092.047,3137.034,3090.786,3090.941,37.306,1.2069,240522349.0,250354393.568
000001.SH,20161025,3131.939,3127.968,3132.505,3121.05,3128.247,3.692,0.118,203380898.0,220861464.075
000001.SH,20161026,3116.312,3129.838,3129.838,3110.387,3131.939,-15.627,-0.499,191663263.0,215767706.369
000001.SH,20161027,3112.35,3112.603,3114.759,3100.392,3116.312,-3.962,-0.1271,158008789.0,182237125.269
000001.SH,20161028,3104.27,3111.704,3128.643,3101.237,3112.35,-8.08,-0.2596,181774123.0,212593009.855
000001.SH,20161031,3100.492,3097.188,3102.302,3081.072,3104.27,-3.778,-0.1217,151506764.0,178427745.444
000001.SH,20161101,3122.436,3101.664,3122.615,3097.042,3100.492,21.944,0.7078,160232032.0,195831592.265
000001.SH,20161102,3102.733,3115.729,3118.977,3099.82,3122.436,-19.703,-0.631,182722067.0,221676542.065
000001.SH,20161103,3128.936,3096.765,3140.93,3094.103,3102.733,26.203,0.8445,222986260.0,265820360.415
000001.SH,20161104,3125.317,3126.349,3141.334,3119.535,3128.936,-3.619,-0.1157,197683197.0,239043257.281
000001.SH,20161107,3133.333,3124.892,3139.202,3117.096,3125.317,8.016,0.2565,179418490.0,210602324.385
000001.SH,20161108,3147.888,3140.944,3156.881,3134.955,3133.333,14.555,0.4645,190846979.0,221585117.19
000001.SH,20161109,3128.37,3146.078,3146.95,3096.947,3147.888,-19.518,-0.62,241114958.0,277229392.735
000001.SH,20161110,3171.282,3148.544,3172.309,3148.544,3128.37,42.912,1.3717,244192602.0,285992810.523
000001.SH,20161111,3196.044,3169.401,3202.74,3166.07,3171.282,24.762,0.7808,310854579.0,343773951.274
000001.SH,20161114,3210.371,3187.709,3221.458,3186.796,3196.044,14.327,0.4483,329608313.0,346974628.517
000001.SH,20161115,3206.986,3209.955,3214.292,3195.035,3210.371,-3.385,-0.1054,240886350.0,267003870.859
000001.SH,20161116,3205.057,3208.497,3210.893,3195.411,3206.986,-1.929,-0.0601,221766993.0,244854511.188
000001.SH,20161117,3208.453,3198.499,3211.053,3187.206,3205.057,3.396,0.106,214206240.0,226775851.18
000001.SH,20161118,3192.856,3207.193,3212.394,3187.496,3208.453,-15.597,-0.4861,209826639.0,235352062.308
000001.SH,20161121,3218.148,3188.496,3229.757,3188.28,3192.856,25.292,0.7921,230652844.0,263177808.131
000001.SH,20161122,3248.352,3220.983,3249.677,3220.983,3218.148,30.204,0.9386,261631547.0,292484830.64
000001.SH,20161123,3241.137,3247.945,3262.879,3231.586,3248.352,-7.215,-0.2221,249959592.0,277942467.717
000001.SH,20161124,3241.736,3237.428,3257.857,3232.869,3241.137,0.599,0.0185,232324527.0,267224712.392
000001.SH,20161125,3261.938,3241.243,3262.438,3209.598,3241.736,20.202,0.6232,233921601.0,259117040.4
000001.SH,20161128,3277.0,3270.047,3288.337,3267.674,3261.938,15.062,0.4618,281551253.0,300460150.894
000001.SH,20161129,3282.924,3269.234,3301.213,3263.397,3277.0,5.924,0.1808,320836287.0,348149349.67
000001.SH,20161130,3250.034,3272.142,3277.269,3239.521,3282.924,-32.89,-1.0019,243576053.0,262808738.181
000001.SH,20161201,3273.309,3257.027,3279.671,3256.256,3250.034,23.275,0.7161,237759864.0,261553934.531
000001.SH,20161202,3243.843,3270.121,3279.714,3235.277,3273.309,-29.466,-0.9002,259567205.0,281559095.557
000001.SH,20161205,3204.709,3203.784,3219.518,3194.879,3243.843,-39.134,-1.2064,223010394.0,238598033.019
000001.SH,20161206,3199.647,3202.029,3215.311,3196.525,3204.709,-5.062,-0.158,157572693.0,177170154.406
000001.SH,20161207,3222.242,3198.475,3222.428,3189.485,3199.647,22.595,0.7062,169072847.0,189443846.603
000001.SH,20161208,3215.366,3225.55,3228.122,3211.471,3222.242,-6.876,-0.2134,170710173.0,197802065.189
000001.SH,20161209,3232.883,3209.34,3244.801,3207.043,3215.366,17.517,0.5448,204023956.0,226387156.318
000001.SH,20161212,3152.97,3233.666,3245.095,3149.896,3232.883,-79.913,-2.4719,274708461.0,294260138.539
000001.SH,20161213,3155.037,3138.988,3162.496,3118.712,3152.97,2.067,0.0656,185164495.0,203175456.917
000001.SH,20161214,3140.531,3149.377,3170.021,3136.348,3155.037,-14.506,-0.4598,201358887.0,219206160.238
000001.SH,20161215,3117.677,3125.757,3138.779,3100.913,3140.531,-22.854,-0.7277,189990626.0,212863239.254
000001.SH,20161216,3122.982,3111.515,3128.874,3106.346,3117.677,5.305,0.1702,164988699.0,189844752.856
000001.SH,20161219,3118.0846,3120.6963,3125.284,3110.0817,3122.9815,-4.8969,-0.1568,154169716.0,174500240.6
000001.SH,20161220,3102.8759,3115.8984,3117.0145,3084.7997,3118.0846,-15.2087,-0.4878,157426759.0,171611881.1
000001.SH,20161221,3137.4297,3107.2396,3140.2512,3107.2396,3102.8759,34.5538,1.1136,186706607.0,204247805.1
000001.SH,20161222,3139.558,3132.1558,3143.1685,3126.8872,3137.4297,2.1283,0.0678,167804990.0,185981556.9
000001.SH,20161223,3110.1544,3134.9292,3138.404,3103.7476,3139.558,-29.4036,-0.9366,166176769.0,189281177.4
000001.SH,20161226,3122.569,3095.5787,3122.8812,3068.415,3110.1544,12.4146,0.3992,152571881.0,170555610.8
000001.SH,20161227,3114.664,3117.3868,3127.8828,3113.7451,3122.569,-7.905,-0.2532,141528939.0,162193908.5
000001.SH,20161228,3102.2357,3113.7671,3118.7818,3094.5488,3114.664,-12.4283,-0.399,135727087.0,154329653.0
000001.SH,20161229,3096.0968,3095.8447,3111.7994,3087.344,3102.2357,-6.1389,-0.1979,132623292.0,149919182.8
000001.SH,20161230,3103.6373,3097.3454,3108.8393,3089.9894,3096.0968,7.5405,0.2435,133267130.0,151732781.7
000001.SH,20170103,3135.9208,3105.3085,3136.4558,3105.3085,3103.6373,32.2835,1.0402,141567187.0,159887139.4
000001.SH,20170104,3158.794,3133.7873,3160.1029,3130.1145,3135.9208,22.8732,0.7294,167860850.0,195914292.6
000001.SH,20170105,3165.4109,3157.9063,3168.5021,3154.281,3158.794,6.6169,0.2095,174727645.0,199692026.7
000001.SH,20170106,3154.321,3163.7761,3172.0347,3153.0253,3165.4109,-11.0899,-0.3503,183708966.0,207296038.4
000001.SH,20170109,3171.2362,3148.5317,3173.136,3147.7351,3154.321,16.9152,0.5363,171714075.0,192110579.3
000001.SH,20170110,3161.6713,3167.5701,3174.5781,3157.3322,3171.2362,-9.5649,-0.3016,179759216.0,194963216.5
000001.SH,20170111,3136.7535,3156.6856,3167.0288,3136.2667,3161.6713,-24.9178,-0.7881,178362221.0,189186459.3
000001.SH,20170112,3119.2886,3133.6015,3144.9699,3115.9787,3136.7535,-17.4649,-0.5568,148889240.0,161922296.4
000001.SH,20170113,3112.7644,3116.0827,3130.5146,3102.1628,3119.2886,-6.5242,-0.2092,156274214.0,174438553.9
000001.SH,20170116,3103.428,3104.4924,3105.1423,3044.2912,3112.7644,-9.3364,-0.2999,257885996.0,262826041.8
000001.SH,20170117,3108.7746,3087.0295,3108.9072,3072.3384,3103.428,5.3466,0.1723,136157861.0,154757554.7
000001.SH,20170118,3113.0123,3104.7664,3123.7203,3098.5864,3108.7746,4.2377,0.1363,131780128.0,144546719.2
000001.SH,20170119,3101.2992,3104.9715,3115.7778,3094.0055,3113.0123,-11.7131,-0.3763,123851420.0,139280461.4
000001.SH,20170120,3123.1389,3095.8185,3125.6599,3095.2147,3101.2992,21.8397,0.7042,122366777.0,141471811.3
000001.SH,20170123,3136.7748,3125.4209,3145.8411,3125.4209,3123.1389,13.6359,0.4366,132660392.0,148145735.8
000001.SH,20170124,3142.5533,3134.5921,3149.5312,3131.2181,3136.7748,5.7785,0.1842,125973881.0,134553852.1
000001.SH,20170125,3149.5547,3137.6462,3151.4723,3133.1911,3142.5533,7.0014,0.2228,112073827.0,126765829.9
000001.SH,20170126,3159.166,3149.2167,3163.1041,3148.9083,3149.5547,9.6113,0.3052,113876772.0,125013193.9
000001.SH,20170203,3140.17,3160.0816,3162.6771,3136.013,3159.166,-18.996,-0.6013,92224736.0,108023659.8
000001.SH,20170206,3156.9838,3143.0931,3158.8433,3135.3869,3140.17,16.8138,0.5354,127198283.0,150067694.7
000001.SH,20170207,3153.0878,3154.4046,3159.544,3140.0356,3156.9838,-3.896,-0.1234,128337442.0,152559086.1
000001.SH,20170208,3166.9818,3148.086,3167.4465,3132.0333,3153.0878,13.894,0.4406,144920187.0,170854126.2
000001.SH,20170209,3183.1794,3164.6875,3186.838,3162.5744,3166.9818,16.1976,0.5115,191640327.0,209723158.6
000001.SH,20170210,3196.699,3183.0069,3205.049,3182.8021,3183.1794,13.5196,0.4247,239348913.0,245772163.9
000001.SH,20170213,3216.8394,3198.9946,3219.4072,3198.9946,3196.699,20.1404,0.63,220191508.0,236158766.8
000001.SH,20170214,3217.928,3216.137,3219.4047,3205.2853,3216.8394,1.0886,0.0338,188798088.0,204253821.8
000001.SH,20170215,3212.9857,3215.4639,3235.9977,3206.5606,3217.928,-4.9423,-0.1536,241507706.0,257965244.4
000001.SH,20170216,3229.6184,3210.3567,3230.2754,3207.7852,3212.9857,16.6327,0.5177,216955942.0,226587611.9
000001.SH,20170217,3202.0756,3227.7073,3238.3959,3199.4248,3229.6184,-27.5428,-0.8528,226228177.0,248572751.5
000001.SH,20170220,3239.9613,3198.9633,3241.458,3198.9633,3202.0756,37.8857,1.1832,232152096.0,250276131.8
000001.SH,20170221,3253.3257,3242.2226,3254.3355,3239.8775,3239.9613,13.3644,0.4125,211673066.0,233551176.0
000001.SH,20170222,3261.2184,3252.6898,3261.3808,3243.8398,3253.3257,7.8927,0.2426,207453776.0,234815325.8
000001.SH,20170223,3251.375,3258.8319,3264.0819,3236.3549,3261.2184,-9.8434,-0.3018,209179800.0,236822582.2
000001.SH,20170224,3253.4327,3246.8603,3253.9556,3233.5348,3251.375,2.0577,0.0633,186406362.0,213839036.8
000001.SH,20170227,3228.6602,3249.1945,3251.6543,3224.0884,3253.4327,-24.7725,-0.7614,182581071.0,211395715.8
000001.SH,20170228,3241.7331,3225.9689,3242.679,3225.9689,3228.6602,13.0729,0.4049,151244318.0,186019288.8
000001.SH,20170301,3246.9335,3240.0726,3259.9781,3237.8714,3241.7331,5.2004,0.1604,190677550.0,225940967.9
000001.SH,20170302,3230.0281,3250.5183,3256.8074,3228.6647,3246.9335,-16.9054,-0.5207,181215076.0,223043958.7
000001.SH,20170303,3218.3118,3219.2019,3221.1553,3206.6127,3230.0281,-11.7163,-0.3627,157082368.0,192707923.0
000001.SH,20170306,3233.8657,3217.3345,3234.6626,3215.067,3218.3118,15.5539,0.4833,156092158.0,193769172.3
000001.SH,20170307,3242.4063,3233.0939,3242.6591,3226.8219,3233.8657,8.5406,0.2641,164064235.0,209931208.3
000001.SH,20170308,3240.6646,3240.5323,3245.3043,3230.6083,3242.4063,-1.7417,-0.0537,160731388.0,198225782.5
000001.SH,20170309,3216.7457,3233.7007,3233.8749,3205.2794,3240.6646,-23.9189,-0.7381,167371108.0,199217646.8
000001.SH,20170310,3212.7601,3213.7294,3222.3189,3208.4472,3216.7457,-3.9856,-0.1239,136672743.0,173663170.2
000001.SH,20170313,3237.0244,3209.4492,3237.1212,3193.1565,3212.7601,24.2643,0.7552,163673760.0,206919741.9
000001.SH,20170314,3239.3278,3235.2515,3246.3285,3231.5209,3237.0244,2.3034,0.0712,146946022.0,191535126.6
000001.SH,20170315,3241.7597,3235.403,3243.713,3227.7377,3239.3278,2.4319,0.0751,144055682.0,185727250.3
000001.SH,20170316,3268.9354,3247.1628,3269.77,3247.1628,3241.7597,27.1757,0.8383,189416002.0,244508344.4
000001.SH,20170317,3237.4471,3271.8665,3274.1903,3232.2806,3268.9354,-31.4883,-0.9633,200583223.0,262184046.4
000001.SH,20170320,3250.8082,3241.1101,3251.1271,3228.1177,3237.4471,13.3611,0.4127,170548430.0,213951759.5
000001.SH,20170321,3261.6108,3250.2473,3262.2209,3246.6959,3250.8082,10.8026,0.3323,162719306.0,219121269.7
000001.SH,20170322,3245.2198,3246.2233,3255.7779,3229.1283,3261.6108,-16.391,-0.5025,189731649.0,244545459.0
000001.SH,20170323,3248.5495,3245.8078,3262.0914,3221.9344,3245.2198,3.3297,0.1026,193029144.0,258246691.0
000001.SH,20170324,3269.4451,3247.3495,3275.2066,3241.1233,3248.5495,20.8956,0.6432,219777914.0,267094164.3
000001.SH,20170327,3266.9552,3268.924,3283.2393,3262.1184,3269.4451,-2.4899,-0.0762,201852675.0,249185540.3
000001.SH,20170328,3252.9479,3265.6344,3265.6344,3246.0861,3266.9552,-14.0073,-0.4288,161710013.0,203452481.7
000001.SH,20170329,3241.3144,3252.8653,3262.0976,3233.2795,3252.9479,-11.6335,-0.3576,216105575.0,245371852.6
000001.SH,20170330,3210.2369,3235.1369,3240.0174,3195.8524,3241.3144,-31.0775,-0.9588,247135479.0,265694871.6
000001.SH,20170331,3222.5142,3206.2529,3226.2483,3205.5365,3210.2369,12.2773,0.3824,196442922.0,214036159.9
000001.SH,20170405,3270.3054,3235.6603,3270.6453,3233.2367,3222.5142,47.7912,1.483,248320202.0,273201155.6
000001.SH,20170406,3281.0047,3272.1926,3286.6739,3265.7645,3270.3054,10.6993,0.3272,245287999.0,262335587.5
000001.SH,20170407,3286.616,3280.6239,3295.187,3275.0507,3281.0047,5.6113,0.171,236108942.0,266738322.8
000001.SH,20170410,3269.3926,3285.4594,3285.4594,3265.0121,3286.616,-17.2234,-0.524,232694616.0,279415195.3
000001.SH,20170411,3288.9657,3266.2219,3290.3887,3244.4047,3269.3926,19.5731,0.5987,281281248.0,326622406.9
000001.SH,20170412,3273.8301,3283.8369,3284.9338,3262.2773,3288.9657,-15.1356,-0.4602,269381790.0,311505523.7
000001.SH,20170413,3275.9603,3265.2181,3281.1369,3261.4901,3273.8301,2.1302,0.0651,207346875.0,223287214.7
000001.SH,20170414,3246.0668,3276.1381,3276.7112,3238.8959,3275.9603,-29.8935,-0.9125,214508558.0,224106679.4
000001.SH,20170417,3222.1673,3229.9491,3229.9491,3199.9121,3246.0668,-23.8995,-0.7363,212737189.0,227214681.3
000001.SH,20170418,3196.7133,3215.3963,3225.0546,3196.4884,3222.1673,-25.454,-0.79,188661353.0,211866767.6
000001.SH,20170419,3170.6867,3184.666,3189.4368,3147.0655,3196.7133,-26.0266,-0.8142,213238075.0,225806056.5
000001.SH,20170420,3172.1003,3165.665,3178.1826,3148.1844,3170.6867,1.4136,0.0446,190873985.0,220098232.7
000001.SH,20170421,3173.1512,3170.2899,3180.7944,3158.6286,3172.1003,1.0509,0.0331,164761740.0,184131440.7
000001.SH,20170424,3129.5312,3164.2479,3164.2479,3111.2145,3173.1512,-43.62,-1.3747,186277434.0,197845253.5
000001.SH,20170425,3134.5674,3123.8943,3145.2672,3117.4488,3129.5312,5.0362,0.1609,153418307.0,174129249.6
000001.SH,20170426,3140.8471,3132.9181,3152.9534,3131.418,3134.5674,6.2797,0.2003,169878107.0,197112873.0
000001.SH,20170427,3152.1869,3131.3496,3155.0033,3097.3334,3140.8471,11.3398,0.361,211793073.0,235748319.3
000001.SH,20170428,3154.6584,3144.0219,3154.7266,3136.5781,3152.1869,2.4715,0.0784,162889899.0,183195769.8
000001.SH,20170502,3143.7121,3147.2275,3154.7812,3136.5391,3154.6584,-10.9463,-0.347,154222962.0,176389916.6
000001.SH,20170503,3135.346,3138.3068,3148.2857,3123.7509,3143.7121,-8.3661,-0.2661,163763924.0,190236600.6
000001.SH,20170504,3127.3687,3127.1058,3143.8179,3111.3912,3135.346,-7.9773,-0.2544,177967485.0,200170851.5
000001.SH,20170505,3103.0378,3114.7735,3117.6141,3092.0918,3127.3687,-24.3309,-0.778,176213641.0,200273908.1
000001.SH,20170508,3078.6129,3090.0652,3093.4516,3067.6943,3103.0378,-24.4249,-0.7871,180526904.0,198171689.4
000001.SH,20170509,3080.5269,3064.8484,3084.2077,3056.558,3078.6129,1.914,0.0622,135066674.0,152795901.6
000001.SH,20170510,3052.785,3078.1728,3090.8191,3051.5896,3080.5269,-27.7419,-0.9006,160794452.0,181624151.6
000001.SH,20170511,3061.5003,3036.7891,3063.5637,3016.5305,3052.785,8.7153,0.2855,191341901.0,197604070.1
000001.SH,20170512,3083.5132,3054.1123,3090.4914,3051.8713,3061.5003,22.0129,0.719,159684099.0,175107245.7
000001.SH,20170515,3090.2289,3085.9319,3098.9125,3085.9319,3083.5132,6.7157,0.2178,135660728.0,158269607.7
000001.SH,20170516,3112.9642,3082.8717,3113.5116,3060.5344,3090.2289,22.7353,0.7357,173775564.0,193292104.5
000001.SH,20170517,3104.4415,3107.802,3119.5816,3101.2953,3112.9642,-8.5227,-0.2738,168674158.0,194560594.1
000001.SH,20170518,3090.139,3082.3288,3103.4413,3077.9631,3104.4415,-14.3025,-0.4607,148620035.0,168149514.1
000001.SH,20170519,3090.6309,3086.7054,3095.4826,3081.278,3090.139,0.4919,0.0159,129635230.0,150164226.2
000001.SH,20170522,3075.6756,3087.1705,3103.9375,3063.1529,3090.6309,-14.9553,-0.4839,153683730.0,170340982.6
000001.SH,20170523,3061.947,3069.3935,3084.2352,3050.8423,3075.6756,-13.7286,-0.4464,178310599.0,195073653.6
000001.SH,20170524,3064.0759,3047.5681,3064.8127,3022.3026,3061.947,2.1289,0.0695,139813353.0,152669201.5
000001.SH,20170525,3107.8311,3055.3425,3114.6578,3052.8309,3064.0759,43.7552,1.428,191391841.0,201910125.0
000001.SH,20170526,3110.0587,3101.2864,3120.6627,3100.3877,3107.8311,2.2276,0.0717,155923486.0,171327384.6
000001.SH,20170531,3117.1778,3125.3252,3143.2787,3111.5563,3110.0587,7.1191,0.2289,152950430.0,177913309.9
000001.SH,20170601,3102.6232,3108.4214,3113.5212,3097.6794,3117.1778,-14.5546,-0.4669,163015719.0,180782624.7
000001.SH,20170602,3105.54,3094.2253,3110.3891,3081.8485,3102.6232,2.9168,0.094,142504925.0,154454347.9
000001.SH,20170605,3091.6561,3102.1095,3105.5056,3084.8301,3105.54,-13.8839,-0.4471,132570300.0,143429802.0
000001.SH,20170606,3102.126,3084.5401,3102.8633,3078.7872,3091.6561,10.4699,0.3387,113439963.0,127804624.2
000001.SH,20170607,3140.3249,3101.7608,3140.7743,3098.9508,3102.126,38.1989,1.2314,173229014.0,194287945.5
000001.SH,20170608,3150.3336,3136.4705,3153.2635,3132.8278,3140.3249,10.0087,0.3187,152277659.0,178894298.5
000001.SH,20170609,3158.4004,3147.4533,3165.9197,3146.1075,3150.3336,8.0668,0.2561,160136334.0,181584884.7
000001.SH,20170612,3139.8766,3149.5266,3164.9502,3135.314,3158.4004,-18.5238,-0.5865,146729425.0,169392918.451
000001.SH,20170613,3153.7429,3134.0089,3155.9895,3131.0431,3139.8766,13.8663,0.4416,128318279.0,148457870.0
000001.SH,20170614,3130.674,3146.748,3149.1731,3125.3546,3153.7429,-23.0689,-0.7315,138347042.0,160641229.6
000001.SH,20170615,3132.4863,3125.5865,3137.5854,3117.084,3130.674,1.8123,0.0579,146954245.0,171124529.3
000001.SH,20170616,3123.1662,3126.3728,3134.2511,3117.8567,3132.4863,-9.3201,-0.2975,129652758.0,149215477.6
000001.SH,20170619,3144.3739,3122.1578,3146.7703,3121.7787,3123.1662,21.2077,0.679,134891758.0,151741797.8
000001.SH,20170620,3140.0136,3148.0187,3150.4646,3134.6106,3144.3739,-4.3603,-0.1387,141191802.0,162498014.5
000001.SH,20170621,3156.2118,3148.9861,3157.0275,3132.6173,3140.0136,16.1982,0.5159,136688268.0,167048215.9
000001.SH,20170622,3147.4532,3152.2424,3186.9823,3146.6432,3156.2118,-8.7586,-0.2775,191344006.0,220438439.5
000001.SH,20170623,3157.873,3138.4441,3158.0474,3118.0946,3147.4532,10.4198,0.3311,154843648.0,175568524.1
000001.SH,20170626,3185.4439,3157.0022,3187.8891,3156.9767,3157.873,27.5709,0.8731,173579211.0,200419302.2
000001.SH,20170627,3191.1969,3183.4198,3193.4613,3172.463,3185.4439,5.753,0.1806,148201198.0,167523800.3
000001.SH,20170628,3173.2014,3183.6334,3193.4397,3170.7859,3191.1969,-17.9955,-0.5639,146516720.0,162081099.7
000001.SH,20170629,3188.0625,3174.9811,3188.7741,3174.2835,3173.2014,14.8611,0.4683,128755470.0,147249798.1
000001.SH,20170630,3192.4269,3176.9481,3193.2411,3171.5703,3188.0625,4.3644,0.1369,121464543.0,143195603.4
000001.SH,20170703,3195.9116,3191.9982,3196.2861,3177.0244,3192.4269,3.4847,0.1092,140305717.0,156575784.3
000001.SH,20170704,3182.8039,3192.8885,3193.0644,3174.314,3195.9116,-13.1077,-0.4101,141114967.0,161454562.3
000001.SH,20170705,3207.1342,3179.2169,3207.3095,3174.7081,3182.8039,24.3303,0.7644,148296483.0,173554012.0
000001.SH,20170706,3212.444,3203.8631,3215.95,3188.7733,3207.1342,5.3098,0.1656,175809287.0,202209616.9
000001.SH,20170707,3217.9567,3203.8225,3219.5232,3195.2905,3212.444,5.5127,0.1716,176715416.0,201938313.2
000001.SH,20170710,3212.6319,3208.4627,3223.3402,3203.2089,3217.9567,-5.3248,-0.1655,198928010.0,222828311.7
000001.SH,20170711,3203.0375,3201.5169,3226.908,3199.2235,3212.6319,-9.5944,-0.2986,187837262.0,205493366.2
000001.SH,20170712,3197.5439,3201.9292,3215.1962,3177.9346,3203.0375,-5.4936,-0.1715,186900880.0,201799622.1
000001.SH,20170713,3218.1632,3192.3615,3219.2683,3190.3393,3197.5439,20.6193,0.6448,195303611.0,210820896.3
000001.SH,20170714,3222.4168,3212.0316,3222.9784,3204.8529,3218.1632,4.2536,0.1322,160126773.0,174312138.1
000001.SH,20170717,3176.4648,3219.7914,3230.354,3139.5035,3222.4168,-45.952,-1.426,266205274.0,274653250.0
000001.SH,20170718,3187.5672,3159.7318,3187.671,3150.1284,3176.4648,11.1024,0.3495,190623060.0,196452361.5
000001.SH,20170719,3230.9762,3181.4015,3232.9408,3179.73,3187.5672,43.409,1.3618,272420726.0,269771019.5
000001.SH,20170720,3244.8647,3227.5056,3246.236,3225.4328,3230.9762,13.8885,0.4299,232108392.0,245825421.9
000001.SH,20170721,3237.9817,3236.5881,3247.7122,3231.9556,3244.8647,-6.883,-0.2121,206003251.0,221956909.9
000001.SH,20170724,3250.5989,3230.898,3261.1046,3230.0705,3237.9817,12.6172,0.3897,233056399.0,250631194.2
000001.SH,20170725,3243.6894,3249.1376,3261.6454,3233.1376,3250.5989,-6.9095,-0.2126,205573873.0,213405498.9
000001.SH,20170726,3247.6748,3244.4608,3264.8483,3228.0389,3243.6894,3.9854,0.1229,213542005.0,228460518.5
000001.SH,20170727,3249.7814,3243.765,3251.9261,3220.6366,3247.6748,2.1066,0.0649,228485945.0,242572081.4
000001.SH,20170728,3253.2404,3240.1728,3256.3706,3232.9634,3249.7814,3.459,0.1064,182226880.0,198428584.0
000001.SH,20170731,3273.0283,3252.7519,3276.9461,3251.1941,3253.2404,19.7879,0.6083,246039440.0,253525920.8
000001.SH,20170801,3292.6383,3274.3685,3292.6383,3273.5038,3273.0283,19.61,0.5991,237194594.0,256419942.2
000001.SH,20170802,3285.0568,3288.5183,3305.4313,3282.0377,3292.6383,-7.5815,-0.2303,266730628.0,279352341.7
000001.SH,20170803,3272.9286,3279.9864,3293.3686,3262.1554,3285.0568,-12.1282,-0.3692,233277004.0,243549542.7
000001.SH,20170804,3262.0809,3269.3182,3287.1929,3261.3066,3272.9286,-10.8477,-0.3314,275906340.0,285634760.3
000001.SH,20170807,3279.4566,3257.67,3280.1035,3243.7153,3262.0809,17.3757,0.5327,231173379.0,231874371.8
000001.SH,20170808,3281.8728,3277.1887,3285.4833,3269.6582,3279.4566,2.4162,0.0737,252043537.0,255770184.5
000001.SH,20170809,3275.573,3277.8083,3277.9433,3263.8468,3281.8728,-6.2998,-0.192,235597907.0,237815125.5
000001.SH,20170810,3261.7494,3269.7347,3282.519,3236.1829,3275.573,-13.8236,-0.422,240684622.0,251854039.7
000001.SH,20170811,3208.5413,3237.9222,3245.1163,3200.7481,3261.7494,-53.2081,-1.6313,262962995.0,266998262.4
000001.SH,20170814,3237.3602,3206.0436,3240.0517,3206.0436,3208.5413,28.8189,0.8982,190346796.0,209096078.7
000001.SH,20170815,3251.2617,3235.2298,3263.5892,3235.1013,3237.3602,13.9015,0.4294,182297997.0,204595858.6
000001.SH,20170816,3246.4512,3247.8525,3248.785,3228.8705,3251.2617,-4.8105,-0.148,176852051.0,200832533.7
000001.SH,20170817,3268.4298,3253.8455,3269.1389,3251.4593,3246.4512,21.9786,0.677,203622551.0,228376944.2
000001.SH,20170818,3268.7243,3253.2434,3275.0763,3248.0833,3268.4298,0.2945,0.009,191122483.0,218437740.7
000001.SH,20170821,3286.9055,3274.5805,3287.5186,3270.4753,3268.7243,18.1812,0.5562,186122483.0,209718592.9
000001.SH,20170822,3290.2257,3287.6147,3293.476,3274.941,3286.9055,3.3202,0.101,186537991.0,222927491.5
000001.SH,20170823,3287.7049,3283.7966,3299.4572,3274.4404,3290.2257,-2.5208,-0.0766,179832208.0,204330421.4
000001.SH,20170824,3271.5117,3287.9594,3297.9886,3266.3589,3287.7049,-16.1932,-0.4925,163468937.0,186245056.6
000001.SH,20170825,3331.5221,3271.4608,3331.9146,3271.4608,3271.5117,60.0104,1.8343,205839482.0,227141029.4
000001.SH,20170828,3362.6514,3336.1264,3375.0339,3336.1264,3331.5221,31.1293,0.9344,257461438.0,305319883.1
000001.SH,20170829,3365.2261,3362.0604,3374.5947,3354.4627,3362.6514,2.5747,0.0766,219504535.0,268916094.8
000001.SH,20170830,3363.6266,3361.8207,3376.6481,3357.0803,3365.2261,-1.5995,-0.0475,246863312.0,279640796.6
000001.SH,20170831,3360.8103,3361.4621,3367.3581,3340.6865,3363.6266,-2.8163,-0.0837,234419781.0,269133107.8
000001.SH,20170901,3367.1194,3365.9913,3381.9252,3358.4724,3360.8103,6.3091,0.1877,282497584.0,313722092.7
000001.SH,20170904,3379.583,3369.7185,3381.4027,3359.1309,3367.1194,12.4636,0.3702,267427849.0,296348432.3
000001.SH,20170905,3384.317,3377.1968,3390.8233,3371.5706,3379.583,4.734,0.1401,216552946.0,245596608.3
000001.SH,20170906,3385.3888,3372.4277,3391.0105,3364.7645,3384.317,1.0718,0.0317,229090785.0,262034653.5
000001.SH,20170907,3365.4974,3383.6281,3387.7956,3363.1765,3385.3888,-19.8914,-0.5876,221118685.0,264037023.5
000001.SH,20170908,3365.2426,3364.4275,3380.8898,3353.6876,3365.4974,-0.2548,-0.0076,198405184.0,235160227.4
000001.SH,20170911,3376.4188,3365.3506,3384.81,3360.0462,3365.2426,11.1762,0.3321,219011019.0,256888810.5
000001.SH,20170912,3379.488,3381.487,3391.0694,3370.8519,3376.4188,3.0692,0.0909,272910319.0,325024952.0
000001.SH,20170913,3384.147,3374.7185,3387.1397,3366.5412,3379.488,4.659,0.1379,194550715.0,230733408.9
000001.SH,20170914,3371.4256,3383.47,3391.6435,3361.3335,3384.147,-12.7214,-0.3759,221306487.0,256744421.3
000001.SH,20170915,3353.6192,3365.1454,3365.5277,3345.3283,3371.4256,-17.8064,-0.5282,219765816.0,252910687.8
000001.SH,20170918,3362.8587,3352.5134,3371.7486,3352.5134,3353.6192,9.2395,0.2755,190319676.0,227938635.4
000001.SH,20170919,3356.8446,3365.5315,3370.4009,3344.7054,3362.8587,-6.0141,-0.1788,191129691.0,220728730.0
000001.SH,20170920,3365.9959,3352.1848,3370.0978,3346.5356,3356.8446,9.1513,0.2726,192196661.0,225839069.3
000001.SH,20170921,3357.8123,3364.6977,3377.8844,3356.8754,3365.9959,-8.1836,-0.2431,197448695.0,231946124.4
000001.SH,20170922,3352.5294,3347.1569,3356.4514,3334.9846,3357.8123,-5.2829,-0.1573,179234007.0,206583469.0
000001.SH,20170925,3341.5487,3344.5886,3350.9612,3334.9438,3352.5294,-10.9807,-0.3275,169621293.0,202401690.5
000001.SH,20170926,3343.5826,3336.3497,3347.1629,3332.5985,3341.5487,2.0339,0.0609,132628595.0,159039634.0
000001.SH,20170927,3345.2717,3340.8219,3349.6949,3340.2989,3343.5826,1.6891,0.0505,143086945.0,168981337.7
000001.SH,20170928,3339.6421,3343.8446,3344.6005,3336.1784,3345.2717,-5.6296,-0.1683,149444300.0,181955627.4
000001.SH,20170929,3348.9431,3340.3109,3357.0154,3340.3109,3339.6421,9.301,0.2785,144862443.0,175892823.0
